id,name,barcode,category
6dcc77aa-54ba-4dec-b00d-e5da209c9246,A - D - E Injetavel 50ml,7898049716425,Vitaminas
3293237d-9703-41d7-a4ea-3c8e5133865d,Acepran Gotas 10ml,7898053583105,Calmantes
2565a569-6a0a-416f-9253-1a71910c978e,Acid Labcon 15ml,7896108821042,Itens P / Aquario
7675b973-6f95-4aab-b952-0503830b3735,"Advocate Caes 25 - 40kg C / 1 Pepita 4,0ml",7891106006057,Antiparasitario
2ca6a539-000e-469f-aaf9-1544db31c01b,"Advocate Gatos Ate 4kg C / 1 Pepita 0,4ml",7891106006064,Antiparasitario
c9174f9b-66e3-496b-ae9f-3b0aab42a420,Afectrim Oral 100ml,7898315810017,Antibióticos
bbd7e53b-2f1e-4df4-b1d8-3614fb77d0af,Aguia Granulada De Banana 500g,7896194701051,Aves
067ad754-022c-40fb-8508-64d7bd6b3c77,Aguia Mit Papagaio 390g,7896194701402,Aves
3300ea18-179f-42f0-9b42-42aa4e095f1f,Aguia Mit Trinca Ferro C / Cartoma 500g,7896194702010,Aves
6df8cc48-e5d9-4397-bbe4-632fc40055df,Aguia Mit Triturada 500g,7896194701013,Aves
93956aaf-4034-4f72-a2e7-68ad1bb06353,Aguia P / Tico - Tico 500g,7896194701327,Aves
78bac9cf-b25e-42e6-8c30-8d450f7bf744,Aguia Painco Comum 500g,7896194701495,Aves
37438054-2b23-4b0b-ab4a-a7f011474d92,Aguia Sabia C / Mamao 500g,7896194702324,Aves
6f56d4d3-c892-4c2a-95b9-cc52fb9c6b68,Aguia Trinca Ouro Ma X C / Frutas / Girassol Branco 500g,7896194702423,Aves
838a22ee-5012-4280-b37e-e0d1eba15f30,Alcali Labcon 15ml,7896108821028,Itens P / Aquario
db9b3312-3c32-41f9-9793-05b3e871b631,Alcon Alevinos 10g,7896108816000,Rações Para Marinhos
2851effe-255b-44d8-86db-513c431ef6bf,Alcon Artemia 10g,7896108813009,Rações Para Marinhos
fd652509-13ee-450e-b39c-c6af0495276f,Alcon Basic 10g,7896108807022,Rações Para Marinhos
8084a579-f5d5-42c8-ba3a-64829331b136,Alcon Basic 150g,7896108808197,Rações Para Marinhos
7c1bbf04-3862-4e44-ae8e-2c1392a6a263,Alcon Basic 20g,7896108807039,Rações Para Marinhos
d8fbaed6-c79d-4823-a335-cb52632bd4b3,Alcon Basic 50g,7896108807046,Rações Para Marinhos
8e789f07-c4e0-4d20-b007-741bdff391e0,Alcon Bettami X F.D. 10g,7896108803000,Rações Para Marinhos
e3240eda-0948-4e5a-91d1-66caf17da849,Alcon Blood Worms F.D. 6g,7896108804007,Rações Para Marinhos
320ae585-9425-4f07-b253-c48e7a27513d,Alcon Bottom Fish 150g,7896108807077,Rações Para Marinhos
07d18638-db2e-43bc-9bf6-9a1fbd4e568e,Alcon Bottom Fish 30g,7896108805059,Rações Para Marinhos
9e5ab195-b661-47eb-8d14-f86e67abe11d,Alcon Bottom Fish 50g,7896108805066,Rações Para Marinhos
168e6dc9-945a-41f4-85ea-e28fc8f3a4d9,Alcon Carnivoros 300g,7896108809859,Rações Para Marinhos
287621d1-83de-4da1-8cd9-fd8ee1f83593,Alcon Carnivoros 90g,7896108809842,Rações Para Marinhos
09448765-2a06-4695-ab28-c0ec25968247,Alcon Cichlids 10g,7896108809026,Rações Para Marinhos
5cf81793-7383-46af-b65b-489dd6c0cb6e,Alcon Cichlids 20g,7896108809033,Rações Para Marinhos
d5e6e807-70bb-45b3-b31d-8ab8fec3ce38,Alcon Cichlids 50g,7896108809040,Rações Para Marinhos
2edbaf13-9236-44a8-b8a0-c72a239aa1ac,Alcon Ciclideos Granulos 30g,7896108809378,Rações Para Marinhos
ef9dbadb-8e9f-4a24-8c0e-9f1b7dd62eda,Alcon Ciclideos Granulos 55g,7896108809828,Rações Para Marinhos
0c9a33d4-472d-4688-a45c-b5b83b2b1b36,Alcon Club Beija Flor Nectar 600g,7896108804403,Aves
5fa5a279-ea05-4c39-9690-5acc91855331,Alcon Club Canario 325g,7896108806285,Aves
ab36d5a9-50b0-4485-b030-6a88da1a65ad,Alcon Club Canarios 150g,7896108890550,Aves
4c1e8524-1f9b-4e2b-a5db-90d6129fd981,Alcon Club Curio 150g,7896108890567,Aves
afc6f20c-caee-4cae-a156-ca1f873b269f,Alcon Club Curio 325g,7896108806308,Aves
688e351f-75ff-4fb4-a51e-b4ea2a9d4c24,Alcon Club E X Oticos 150g,7896108890574,Aves
69606adb-9cef-450b-b32a-d6905a1fcbb9,Alcon Club E X Oticos 325g,7896108806292,Aves
4c6990e3-cebb-49ab-b815-d2ffa32f83d1,Alcon Club Farinhada C / Ovos P / Psitacideos 700g,7896108806728,Aves
1b316481-4387-4055-a80a-58abd5758fe6,Alcon Club Farinhada C / Ovos Para Canario 700g,7896108806889,Aves
daf19cdd-e36c-4a0a-9d32-ba0dbac45012,Alcon Club Farinhada Canarios 250g,7896108815225,Aves
68bae46d-29b7-4739-bc0f-d244a4da958d,Alcon Club Farinhada P / Passaros Frugivoros E Insetivoros 600g,7896108806872,Aves
7e0d9e8e-9637-4119-bc5a-6a30dab4c88b,Alcon Club Papa P / Filhotes 160g,7896108808814,Aves
91113e97-17d6-4c47-99dc-d32ed4714351,Alcon Club Papa P / Filhotes Psitacideos 600g,7896108802041,Aves
f9604937-7111-43a3-9e57-1085dcf302f2,Alcon Club Repteis Jabuti 300g,7896108803123,Répteis
1dae206c-93f5-4e8a-b085-bc1a44ff5171,Alcon Club Repteis Jabuti 80g,7896108802836,Répteis
3f069260-2027-4db1-8deb-0f5177f80cf3,Alcon Club Repteis Jabuti Baby 100g,7896108815133,Répteis
edbbb6d6-aed4-467d-af2d-2046f5deee2b,Alcon Club Reptolife 270g,7896108805097,Rações Para Marinhos
10b5cd9e-0fb4-47f2-9d5c-3d9d3604f346,Alcon Club Reptolife 75g,7896108805080,Rações Para Marinhos
8c5bf222-488a-490e-8f1a-5999acd58068,Alcon Club Roedores Al E X Trusado 500g,7896108802928,Roedores
4d1e34a4-0b3b-422d-8584-d04079a94532,Alcon Club Roedores Alimento E X Trusado 90g,7896108802911,Roedores
357093f2-6e4e-4b30-ba60-f6bd8fb70262,Alcon Club Roedores Frutas E Legumes 75g,7896108801808,Roedores
df922037-cca7-461d-8f08-51bdf6d1ffad,Alcon Club Sabia / Passaro Preto 500g,7896108806322,Aves
85280bd7-1c07-4f27-b2a2-0c0ccecc6583,Alcon Club Top Life 150g,7896108890598,Aves
de4c3026-b0c0-45cd-a7e1-d39be02e18bf,Alcon Club Top Life 325g,7896108804397,Aves
4811d827-6721-45e7-9e8d-8e499bb51f88,Alcon Club Trinca Ferro / Frugivoros 500g,7896108809019,Aves
c5cbf213-d26c-4bcc-b73f-04aaa080609c,Alcon Colours 10g,7896108810008,Rações Para Marinhos
d887ee75-6a09-4e8e-bb7b-421c1ef4def2,Alcon Colours 20g,7896108810015,Rações Para Marinhos
b4ee8975-ac7f-447c-b0c8-43563e9daac7,Alcon Colours 50g,7896108810022,Rações Para Marinhos
b3d6adcb-95a8-497a-a55c-ef9278866621,Alcon Cure 10g,7896108818004,Rações Para Marinhos
0f3c3280-25a1-47e3-8434-e6f024fbee80,Alcon Cure 20g,7896108818011,Rações Para Marinhos
556b781f-81a8-4c18-bfeb-ffe302763690,Alcon Dufish Granulado 25g,7896108851018,Rações Para Marinhos
601f7015-8c4a-47a6-9f98-8c36206c058f,Alcon Dufish Granulado 50g,7896108851025,Rações Para Marinhos
024e5c5d-a603-4287-97d8-e52f3fd5cc6b,Alcon Eco Club Periquito E Agapornis 310g,7896108809408,Aves
bcb087b7-098f-4745-a323-66d2c12c0abe,Alcon Eco Club Trinca Ferro / Frugivoros 300g,7896108815386,Aves
e25d879b-1c55-4a61-b35e-10b04d404aab,Alcon Gammarus 110g,7896108806391,Rações Para Marinhos
02860ebc-113c-47b1-90e1-9a0b152fe07e,Alcon Gammarus 11g,7896108812750,Rações Para Marinhos
c1a32473-e1f8-47a1-a64c-c5b39046e227,Alcon Gammarus 28g,7896108812767,Rações Para Marinhos
4bf1cb60-9e53-415f-8fb5-2030e42763a3,Alcon Gammarus 7g,7896108812743,Rações Para Marinhos
3b6e2c72-b869-4f33-8bb1-f7026e6f0f97,Alcon Gold Cichlids Flakes 10g,7896108809095,Rações Para Marinhos
95917113-030e-49d2-b151-70546ad723af,Alcon Gold Cichlidsflakes 20g,7896108809101,Rações Para Marinhos
c7929da5-6dc4-4e6a-872e-5061efc21a9c,Alcon Goldfish Colour 100g,7896108805042,Rações Para Marinhos
b02e6775-ccf3-42cc-81b9-353cf0368eab,Alcon Goldfish Colour 40g,7896108805035,Rações Para Marinhos
955c4c3c-8777-4427-a7a6-cd5ac27bb1bf,Alcon Goldfish Crescimento 25g,7896108805004,Rações Para Marinhos
496125f5-fed5-45df-8716-934a68e8ae2c,Alcon Goldfish Crescimento 40g,7896108805011,Rações Para Marinhos
51aacc17-2cca-418a-abc7-5a8b2f289aad,Alcon Guppy 10g,7896108811029,Rações Para Marinhos
48fc2e32-18f1-4f63-a4a5-035fb94bbb34,Alcon Koi 10g,7896108806032,Rações Para Marinhos
c8d039ea-2b58-43c5-a0d2-bf40c5714de9,Alcon Koi 20g,7896108806049,Rações Para Marinhos
1a0dedc4-ecc5-4553-af77-2cb347a89e41,Alcon Neon 40g,7896108809330,Rações Para Marinhos
9d8b0052-eea7-4a47-878c-547397a16417,Alcon Reptolife 30g,7896108805073,Rações Para Marinhos
3de68a7b-59d4-4612-a543-610e66a8d088,Alcon Reptomi X 15g,7896108805189,Répteis
14d119e3-859e-452a-972b-a051db6ba8f8,Alcon Reptomi X 25g,7896108805134,Répteis
56aba8bc-91db-4969-963d-9b97381a621f,Alcon Reptomi X 60g,7896108805141,Répteis
9ac32d82-f70c-4158-98eb-2f859e2760a1,Alcon Rodent Cenoura 30g,7896108806520,Roedores
4a8f23b4-c2c5-4690-a911-bc74a7b17d62,Alcon Shrimp 10g,7896108808029,Rações Para Marinhos
251a2e95-78c4-4722-ae09-03c370dc007b,Alcon Spirulina 10g,7896108806162,Rações Para Marinhos
e37a41f3-deb1-488f-ad80-adb7f63519b9,Alcon Spirulina Flakes 20g,7896108806179,Rações Para Marinhos
5d615458-51c0-48de-8a5f-b278a7447ded,Alcon Tubife X F.D 7g,7896108804021,Rações Para Marinhos
8410bd4d-97df-4e60-9aa5-7da303a32c86,Alcon Vegetal 10g,7896108812026,Rações Para Marinhos
bcef6d62-b1d4-4011-b127-87a25498c23a,Alcon Vegetal 20g,7896108812033,Rações Para Marinhos
dc656cd0-7e02-4d71-a086-6ded7268ba30,Alcon Weekend P / 3 Dias 16g,7896108852022,Aves
95d7511f-9345-4d2f-ac74-f896d6e0a7aa,Alcort 20Mg C / 1 Comprimido,7898931883099,Antiinflamatórios
d41c7341-4402-44db-815e-be1d58bcc308,Alcort 5Mg C / 1 Comprimido,7898146300381,Antiinflamatórios
7e300221-0030-4977-8ddf-1cd113a573d1,Alergocort C / 10 Comprimido,7891126001414,Antiinflamatórios
a13ee34b-c22f-4c5c-acb3-338fb687888d,Alergocort Shampoo 250ml,7891126002862,Remédios
7615da47-2304-4e61-b863-4543b9956e2f,"Alergovet C 0,7Mg C / 10 Comprimido",7891126001056,Antialérgicos
9bcc7089-a1cc-4204-bcda-f8eb115f6082,"Alergovet C 1,4Mg C / 10 Comprimido",7891126001070,Antialérgicos
34164d59-6c75-45a9-8854-69612c1599ae,Alimento P / Roedores Pasto Verdi 250g Z898 Aquapet,7898348032547,Roedores
b80b6f5f-fbe5-4494-980e-6d6697f13a12,Allerdog Hipoalergenico 230ml,7898146300039,Dermatológicos
f349f77c-412d-4ab2-b3dc-4c9c75efbc94,"Allerdog Plus 52,2g C / 60 Cápsulas",7898146300022,Suplementos Alimentares
2e45ddd4-906c-4c3f-be6d-a509bec5d197,Allerdog Plus Es C / 60 Capsula,7898146300015,Suplementos Alimentares
b4007a2f-462e-40cd-86fe-f04331c5bb34,Allermyl Glyco 250ml,7897515655145,Dermatológicos
083eee20-0adf-4d6b-a4d0-d217f2f401de,Aminomi X PET 100g,7898053580470,Vitaminas
439ceaa5-836f-41a5-8ea3-775ace54723c,Aminomi X PET 180g C / 120 Comprimido,7898053580890,Vitaminas
05d9f84d-d606-4068-99de-ca38c231e788,Aminomi X PET 500g,7898053580159,Vitaminas
89118aef-6367-4052-994c-b9011c6e598f,"Amitraz 12,5% 20ml",7898121841076,Antiparasitario
e1ccb16a-9f8f-484b-bf45-533567f14175,Anestron Sm Injetavel 1ml,7898079240464,Anticoncepcionais
51af44ab-3a7c-4233-a598-a72da2a45401,Anti Algas Labcon 15ml,7896108824043,Itens P / Aquario
82093933-d0fe-415e-88bd-290d0c18b500,Anticion Injetavel 1ml,7898006195614,Anticoncepcionais
dda02da4-7cb1-4e0a-a17b-8b4fe010e2c2,Anticlor Labcon 15ml,7896108821004,Itens P / Aquario
8cf0e9df-0861-45c5-8997-eb4d0954577d,Aquadent Fresh Solucao Oral 250ml,7897515654834,Higiene
5dbce21a-737b-4861-8ff1-27132ad9634b,Aqualife Labcon 15ml,7896108822056,Itens P / Aquario
02510794-f8c1-40f4-b1e3-9380ac52091f,Arco Nº 1 (E),7898154110064,Gaiolas
73b87c84-5d3a-4bdd-a989-dc7b33d66bfc,Arco Nº 2 (E),7898154110071,Gaiolas
13af4ad9-a3fd-42a2-9e5b-62a86f96bf1e,Arco Nº 3 (E),7898575710096,Gaiolas
042b7b6e-9302-408e-81bb-69dd1ab032d3,Arco Nº 4 (E),7898575710126,Gaiolas
297bcc2a-855d-4a18-930f-0096017dbea2,Areia Maz Cat Sanitario P / Gatos 4kg,7898252010013,Areia
98532138-672c-410e-aacb-11e6eabfcc88,Areia Miss Cat Granulado 4kg,7898252010037,Areia
b48c6fa8-5b17-4bfc-a613-24032314b37f,Areia Pipicat Classic 4kg,7896273800033,Areia
6f9b01ff-bc0a-481c-81fa-1d2ec93e437d,Areia Pipicat Floral 4kg,7896273805182,Areia
7859652e-800e-4b83-bd71-7389c282f1eb,Arranhador Protetor De Canto P / Gato Minas 41 X 41 X 60,7898322099788,Arranhador P / Gatos
fb37ed68-2019-4b1d-b7af-26dc0fa6108d,Artrin C / 6 Comprimido,7797600000174,Condroprotetores
d792ccd0-c68a-4f50-8adc-94bfa63e7cf2,Artros Spray 30ml,7898935931383,Homeopáticos
9449d9b3-1510-4b3c-b4e6-1408886585bf,"Attack PET Plus Caes A - Z - D 20,1 - 40kg C / 2 Comprimido",606529966621,Homeopáticos
d21e31b5-630a-4872-9c38-12b85fcb304b,"Attack PET Plus Caes A - Z - D 40,1 - 60kg C / 2 Comprimido",736532176141,Homeopáticos
d6326865-aac6-4522-8a35-b07de83f3e83,Auritec 100ml,7898393750908,Tratamentos Otológicos
19c753cb-3cb3-4b81-8c9d-45c23663ed9f,Auritop Ourofino 15g,7898019860080,Tratamentos Otológicos
83133106-e7f9-40af-ac6c-47cf5329f624,Aurivet 13g,7898053583129,Tratamentos Otológicos
d75f1ed3-d1e4-4b91-a172-40b13f60ff84,Aviarium Canto 20ml,7896210510681,Tratamentos Aves
42b94a49-6ab5-49fc-9738-1a7338b8107b,Avitrin Antibiotico 10ml,7891126001094,Tratamentos Aves
77a0716c-bcd2-4363-adfb-e141b27ac8ea,Avitrin Calcio Plus 15ml,7891126001124,Tratamentos Aves
536d4db4-6add-459b-bc53-38d17f4e6b16,Avitrin Comple X O Vitaminico 15ml,7891126001063,Tratamentos Aves
53aac255-8688-4c31-a4bf-81df45a690fd,Avitrin E 15ml,7891126001131,Tratamentos Aves
fb401f3c-e110-4172-a730-c8a09c0c59c9,Avitrin Ferro Ma X 15ml,7891126001100,Tratamentos Aves
c4231232-315b-461c-9bb0-b88f49592b24,Avitrin Muda 15ml,7891126003593,Tratamentos Aves
920b1fa3-c770-48d3-87b0-ab9f4c321977,Avitrin Plumas 15ml,7891126002008,Tratamentos Aves
31c8db00-bf3d-4b69-b05e-f36fa1b9ea0b,Avitrin Reproducao 15ml,7891126003616,Tratamentos Aves
10f55b03-28c8-48b3-9994-22c6d82df065,Avitrin Sulfa 10ml,7891126001148,Tratamentos Aves
13d089c6-20f6-4dd5-adf4-beda0f82f065,Avitrin Vermifugo P / Passaros 10ml,7891126001186,Tratamentos Aves
81d3ebc6-b399-484c-868c-3e735c1206aa,Azico X - 2 200Mg C / 1 Comprimido,7898019866471,Antibióticos
a118c86b-6682-4f1a-a768-feb349088c7a,Azico X - 2 50Mg C / 1 Comprimido,7898019866464,Antibióticos
73c0fad1-0b93-4eea-9c7f-31e1651e6e8d,"Azium 0,5Mg C / 20 Comprimido",7896185970923,Antiinflamatórios
8a12c9f7-fd65-4694-8d5e-a13dba07b257,Bacter Labcon 15ml,7896108822001,Itens P / Aquario
be9ec29f-4e75-42e3-878e-e3e688219b66,Bactrovet Prata Am 200ml,7791432010202,Cicatrizantes
65d10090-36df-4961-82ab-339356f0bcf1,Bactrovet Prata Am 500ml,7791432010219,Cicatrizantes
a34e170a-c6ad-4c98-9ef8-18957df10045,Ballfree 70g,7896006251194,Vitaminas
94c77bd4-989e-472e-a55e-8c30e2daae81,Bandana Lu X O,,Roupas P / Cão E Gato
af77cb41-580a-4845-b32e-3c62fdb217af,Banho A Seco 500ml Pro Canine Varanda,7899781601086,Higiene
9d84e1f0-8763-4894-abb9-ab916a2cf836,Basken Suspensao 20ml,7791432010608,Vermífugos
336c77dc-a6fe-412a-b80b-8e6fa5e8119a,Baytril Flavour 150Mg C / 1 Comprimido,7891106005982,Antibióticos
4d9e6a34-be9e-4be4-847b-e88929be9467,Baytril Flavour 15Mg C / 1 Comprimido,7891106005999,Antibióticos
bfb1cd1b-b241-4ca7-a62e-0aeabdbf3c09,Baytril Injetavel 10% 10ml,7891106000659,Antibióticos
a47a6be0-eeb5-4acd-8e2c-60f49e8820da,Baytril Injetavel 5% 10ml,7891106000420,Antibióticos
656685dd-4d38-4275-9421-a3bac76cd5d3,Bebed E Comed Dual PET,7898491032166,Utencílios
d89ef8f4-7b1a-4c1d-a16f-df4858c93158,Bebed Tigela Gelada 500ml,7896176827410,Utencílios
f0410fb4-e11b-491a-ad12-6c6d1d0dd101,Bebedouro Portatil 500ml,7898602025759,Utencílios
9d41561e-9b0d-4d13-8b9b-1e430f98cf44,Bico De Ouro Cartamo 150g,7898941834357,Aves
12b26cdc-019c-4a83-98b3-f472471fac11,Bico De Ouro Granulado Banana 500g,7898941834388,Aves
b9dc5d6d-fa06-4468-9b0f-dfe517cf3a30,Bico De Ouro P / Tico - Tico C / Mel E Propolis 500g,7898941834111,Aves
e4bb1071-7a80-4382-9eb1-a09002a9aba2,Bico De Ouro Painco Portugues 200g,7898941834166,Aves
72a1fbc2-0aea-4f59-ad31-758fbc6280df,Bico De Ouro Papami X De Frutas 500g,7898941834258,Aves
7088e8ca-8a2e-4bb8-b378-4f99743ee8c9,Bico De Ouro Torneio Trinca Frutas 500g,7898941834227,Aves
f417d5db-021c-4c58-aea6-f566a7bda629,Bico De Ouro Trinca Ferro Nutritiva Integral 400g,7898653560766,Aves
66abfe3b-a0c4-4ef0-97fa-0e030646feed,Bico De Ouro Trinca Oleosa C / Larvas 500g,7898941834210,Aves
d90186a2-dfe3-4f36-964f-256fe670c778,Bico De Ouro Triturada Banana C / Arroz 500g,7898941834401,Aves
c75befd2-78d6-47f0-b9bf-c1d0442c2bea,Bico De Ouro Turbinada 500g,7898941834234,Aves
f4c89262-5cc4-48e9-8cc6-249195958724,Bico De Ouro Vita Canario Amarelo 200g,7898941834180,Aves
f1b79c57-0b3a-4c62-9adc-ec023cc313ae,Bifinho Bone Demais P / Cães Sabor Carne 500g,7898954320168,Petiscos
1b80b633-26f1-4e70-bc33-80d3093cb20c,Bifinho Bone Demais P / Cães Sabor Frango 500g,7898954320175,Petiscos
2a25ddb8-5f3f-47a8-8ad4-2ac8fcc7b770,Bifinho Special Dog Carne 60g,7898242036399,Petiscos
c85075ae-5e2f-4582-bacf-1a469e1b1b69,Bifinho Super Premium Calming Herbal 300g,7898959353468,Petiscos
893e9294-db83-4a5c-9f0b-5df41185e3ff,Big Megader 6.3 Caes C / 60 Cápsulas 95g,7897085902984,Suplementos Alimentares
2f1828dd-26b1-4f72-be58-f089a7c22b13,Biode X C / 20 Comprimido,7898416700484,Antiinflamatórios
a33f0b3d-ad87-4f66-861c-209e98eda261,Bioprat PET Gln 14g,7898719100066,Reguladores Intestinais
f3f99a73-ffce-4cdd-856f-d8267c88181a,Bola De Borracha Maciça / Vul 80Mm Varanda,7898439330187,Brinquedos
0c8bd09f-ec6f-44b7-b61a-79a2cf9e473c,Bola Tenis Peq 5 Cm Bbb PET 375,7898587111805,Brinquedos
9b755acc-b6f3-428b-9000-937596ecd4bd,Bolsa Transporte Aereo C / Tela Latam 36 X 33 X 23,7895258003575,Casa / Transporte
bd8388e0-c2eb-4b75-8f50-6e2bdbaa035d,Bolsa Transporte Cristal 45 X 30 X 25 Ref.060 Varanda,7895258003230,Casa / Transporte
950670fc-e5f4-45bf-8804-2f038c47fe5c,Bone Demais Osso Palito Menta 5 / 10 C / 10 85g,7898934167684,Petiscos
ae3bdc1c-0303-4576-a708-f225d5257910,Bravecto 10 - 20kg C / 1 Tablete,8713184137012,Antiparasitario
b1597beb-6c43-4834-a223-56cc5a4501b2,"Bravecto 2 - 4,5kg C / 1 Tablete",8713184136893,Antiparasitario
5fb96e94-a5bb-488b-a551-8ce968b335eb,Bravecto 20 - 40kg C / 1 Tablete,8713184137036,Antiparasitario
ba0f982e-7054-4f98-8340-ec7f154afa70,"Bravecto 4,5 - 10kg C / 1 Tablete",8713184136992,Antiparasitario
628915bc-e4c7-46ef-97d0-bac02d73d3b9,Bravecto 40 - 56kg C / 1 Tablete,8713184137043,Antiparasitario
cc19fa77-411b-4c0a-b13e-025f929846ed,Brinde Endal Plus,7896185971012,Vermífugos
13a52181-1e02-447e-b890-0996239816e9,Brinq Anel Borrachado Macico 52,7898301215079,Brinquedos
b9795eca-41e1-4369-bcf6-100a3bc7f1a5,Brinq Bola Cravo Grande,7898125118747,Brinquedos
5e211a16-0378-4fc4-b024-e473df380f07,Brinq Cat Toy Pei X Inho C / Plumas,7898665193075,Brinquedos
7c6155f2-1b1e-4147-b08a-5d231210c4df,Brinq Cat Toy Pelucia C / 2un,7898665194492,Brinquedos
398a77e3-cdb3-4f7f-85b6-c2a0c4c5bdeb,Brinq Cat Toy Ratinho Plumas,7898665197691,Brinquedos
28c7e7c1-65a3-470f-979f-b4063120d560,Brinq Dentalbone Argola 15kg,7898281449488,Brinquedos
05066824-cf51-4876-ae11-e62490c9b322,Brinq Durabone Rp Solapa Osso Petisco,7898652692505,Brinquedos
c71470d1-2b5b-4fda-b068-8e0078994b41,Brinq File Peq,,Brinquedos
aef26128-0d34-446b-8e9f-f6840ccbc2ee,Brinq Hot - Dog 1403 PET Lider Peq,7629186814039,Brinquedos
75da6464-c170-4007-9f5b-f57a61fcf33a,Brinq Jambo PET Pirata Premium 25394,7899669608367,Brinquedos
6bdfa363-72eb-4d39-b1a9-d645b3295445,Brinq Latoy Buzz,7896737011012,Brinquedos
3fc629f2-cc04-4413-91a5-cd6407a82533,Brinq. Almofada PET,7898665192252,Brinquedos
0e0b3327-6e7c-4dbd-b114-4ee981d46e7f,Brinq. P / Gato Cat Play Varanda,7898639835376,Brinquedos
ba4dc0ef-eb07-454e-96af-2df6e3dcc3cb,Brinq.Halteres Cravo Peq 1537 PET Lider,7629186815371,Brinquedos
78d3a309-a4a8-4574-909a-bfc8416bcd60,Brinq.Hamburguer Cod. 1482 Sorriso,7982017104038,Brinquedos
bd392442-c688-46c3-b500-1ab3d20f9dab,Brinq.Latoy Alteres,7908470016992,Brinquedos
02f33161-bc4f-47e3-955b-4efe431a99bf,Brinq.PET Osso C / Corda Tecido,4178452102021,Brinquedos
b401cf4c-112b-40ec-ad70-d5de1c9311a6,Brinq.Peluc. Panda Canvas Jambo Ref.25418,7899669609050,Brinquedos
73bd55d9-7fb8-4e1b-94cb-3b4b9f63cc31,Brinq.Pelucia Babysauro 19Cm 2757,7898621532757,Brinquedos
76b1c41b-7f26-4aff-ad89-ca45ad2eb20c,Brinq.Pista P / Gato C / 6 Partes,7898564974546,Brinquedos
2f4e1c32-6c55-45fe-8ed2-92306b200571,Bulvitan Plus 120ml,7891126002015,Vitaminas
02073fb4-015f-4a98-8118-94141c7c66b3,Buto X 20ml,7896185952400,Antiparasitario
bd4968a8-7815-402f-86e5-3f4ec15b2ca4,C.E.T. Creme Dental 70g,7502010420524,Higiene
115f4dc0-063f-42f5-8de5-31b92085f538,Cal - D - Mi X 100ml,7898053580746,Vitaminas
c8dd2286-f56c-4e2e-bf3d-733223bf20b4,Cal - D - Mi X 45g C / 30 Comprimido,7898053581866,Vitaminas
e8dd57df-7fc7-413b-8951-4f6f05b1686b,Calcific 100ml,7898931477090,Vitaminas
f4386ae6-599c-4c65-8544-ac39d2c72865,Calendula Concreta Vet Pomada 50g,7896210509036,Cicatrizantes
b40fc243-c64a-49f6-8fed-dfce72bb3da9,Calmavet 30ml,7896210500675,Calmantes
410f8410-39c0-4dcd-95ec-bb0b8148a415,Calmyn Dog 40ml,7898195863066,Calmantes
9122c7cb-a326-408e-848a-1a721f90afe3,Cama Dorlly PET Europa N°7,7898699970758,Cama / Túnel
a1f2d4da-f5ee-4b16-8bbc-3200646d6ccd,Cama Dorlly PET Europa N°8,7898699970765,Cama / Túnel
0b14fdb6-5ff5-4c6e-a69d-de9429f87574,Cama Viking P Brakbull,7892024212117,Cama / Túnel
171bb58a-b812-4a1f-b744-89422b5fdbbe,Cane X Plus 3 C / 4 Comprimido,7898043432581,Vermífugos
a9b02489-1334-433a-b37a-278a80be3b28,"Cane X Premium 3,6g C / 1 Comprimido",7898043432109,Vermífugos
6c84bbdf-fc0c-41f1-a389-9605d050e5da,Cane X Premium 450Mg C / 1 Comprimido,7898043432086,Vermífugos
ee33eebd-c84f-462e-b8f7-7bfad8f1bc54,Cane X Premium 900Mg C / 1 Comprimido,7898043432093,Vermífugos
e840506a-ab7c-4507-b9a4-10cb4cf84e97,Cantolindo 100 Ps Po 10g,7896210540084,Tratamentos Aves
4204e3ce-4272-493a-8e82-dae5c6994adf,Cantolindo Iodo 20ml,7896210540930,Tratamentos Aves
0e1c791d-bf21-4787-93cb-f6333129cfab,Cantolindo Vias Aereas 20ml,7896210500804,Tratamentos Aves
a6e2ac16-f59f-4fd2-bd60-101b3e598455,Cantoril Ma X 20ml,7891126001421,Tratamentos Aves
b2a4db1c-d0e3-435a-8327-881184f15f35,Capela Band Calopsita (E),7898575714421,Gaiolas
8e26126c-3be3-4836-9937-c0f9315f0fc2,"Capstar Nitenpiram 11,4Mg C / 1 Comprimido",5420036914839,Remédios
53d62af5-f0f3-402e-9886-d77f517612b4,Capstar Nitenpiram 57Mg C / 1 Comprimido,5420036914952,Remédios
c70a38e4-5d25-414b-ace3-87dc3b1ce504,Cardioplus 30ml,7898935931406,Homeopáticos
6f18953c-d1ed-4825-b7cf-f79ee3e9851d,Carproflan 100Mg C / 1 Comprimido,7896006210160,Antiinflamatórios
00fe44ad-17df-4195-bb1b-f261bc3d6d74,Carproflan 25Mg C / 1 Comprimido,7896006210146,Antiinflamatórios
5a885ca8-15b4-4867-b6b1-4e91cb649852,Carproflan 75Mg C / 1 Comprimido,7896006210122,Antiinflamatórios
d4430d94-9f2e-453d-bc5e-f7368c9c7870,Casadinho All PET 450ml,7898430097188,Adestradores
d80f785b-f67b-410a-a0c4-5d1e85373f78,Casadinho Pro Canine 30ml - 500ml,7899781600690,Adestradores
55155b61-bbec-4b25-927f-bacdcf2b23da,Cc - 2030 Premium Ração P / Passaros C / Ovo Liofilisado 1kg,7898930694016,Aves
a458cab2-0945-4f4d-a30b-ba5f612ff8db,Cefa Sid 110Mg 1 Comprimido,7898232038761,Antibióticos
b28ce99e-899e-4716-8273-77fd886fa752,Cefale X Ina 500 C / 10 Comprimido,718122944668,Antibióticos
ab6da1bb-0afc-4e86-8802-f4e439267fdc,Celesporin 150Mg C / 1 Comprimido,2789801986570,Antibióticos
c61786e3-3e73-44fb-beca-3afaaaa6fb2e,Celesporin 600Mg C / 1 Comprimido,2789801986571,Antibióticos
40c7cf24-f955-482f-a9d5-76148c511318,Cerenia 16Mg C / 1 Comprimido,7898049717880,Antieméticos
5a59a73d-e823-4ac1-8737-d6325bdd2b57,Ceto - C 400Mg C / 1 Comprimido,7898931883068,Antifungicos
baae336b-872c-4108-b8fa-42d0262a840e,Cetoconazol Shampoo 2% 100ml,7898031811206,Antifungicos
bc2b7b2c-996d-4719-9f44-dfb81b102952,Cetoconazol Shampoo 2% 200ml,7898031811213,Antifungicos
278df3d3-dc6d-4358-94d0-5e70ba91404d,Cetoconazol Spray 2% 100ml,7898031810971,Antifungicos
5a2094fa-8f1b-4c87-81fc-89644f2148ec,Cetoconazol Spray 2% 200ml,7898031811435,Antifungicos
ff4221b2-08fe-4819-9fa9-9b369c321bb1,Cetoconazol Suspenção Oral 20% 20ml,7898031811046,Antifungicos
9b082a48-4d9d-445b-a1a4-568d7f71f404,Chalesco Pente De Metal Grande,7898904626944,Utencílios
562326a2-d6d9-4f0c-8bcd-95b48e829e8e,Chromo Dog Tabs 18g,7898195861406,Vitaminas
cb3c8e63-4682-41e6-9dd9-b52526e249c3,Cibau Senior +8 Mini Breeds 1kg,7898938047586,Rações Secas Cães
e595161f-33b8-44af-817e-f2f73ac5c064,Ciprovet 5ml,7798176420045,Colírios
44a37cc9-2aaa-47df-81a2-2c766fb8efdc,Clavugard 50Mg C / 10 Comprimido,7898641571118,Antibióticos
a022f2b1-c9c5-44d9-b387-24c93135d118,Clean Labcon 15ml,7896108824005,Itens P / Aquario
c0b945bb-894a-411a-89e1-b73bfed4a52f,Clore X Iderm 230ml,7898146300299,Dermatológicos
8228428c-cb61-4616-8747-047d8f1a90be,Clore X Syn Shampoo 200ml,7898153930243,Remédios
95308972-8391-416e-aa7f-ea14d8a4cdae,Cloresten Shampoo 200ml,7896006227205,Dermatológicos
096a563a-3966-45f7-a841-3fdc638fc117,Cloresten Shampoo 500ml,7896006225782,Dermatológicos
84c3f2af-1c19-44f1-ae7a-e939b39239f8,Cloro Multiacao P / Piscina 200g,7898113910827,Utencílios
6ef3f5d1-bde6-454d-a3f1-7902c40ca55b,Clorotest Labcon 15ml,7896108820007,Itens P / Aquario
2eef9207-84a0-4960-aa17-e0a844f0cb65,Coelheira Pequena (E),7898154110392,Gaiolas
72502412-f536-4d36-b4e0-9f1861afa938,Coelheira Pequena (P),7898575713042,Gaiolas
5266af82-ec58-4986-911b-048f9d15d444,Colchao Dorlly PET Gg 05 90 X 55Cm,7898699971519,Cama / Túnel
fdc2beec-b984-48f2-b418-9d82cd42465a,Colchao Dorlly Pool 1,1012356412450,Cama / Túnel
32cb3ba5-4577-4ac6-ab8a-c8e217569bbc,Colchao Dorlly Pool 2,124532369890,Cama / Túnel
df8fc8d2-a0c7-4670-af30-7bf08b26e2b7,Coleira Previn Anti Pulgas E Carrapatos 64Cm 24g,7891126002114,Antiparasitario
961c534a-64ef-4c1e-89ee-1b53563adfba,Coleira Scalibor Antiparasitaria 65Cm,7896185907011,Antiparasitario
ecd1f3c0-fc6b-48e5-8706-37e5ed38345f,Colirio Biofarm 20ml,7898416702167,Colírios
04a5424f-b628-4da7-a585-23c3287b4b7b,Colirio Ucb 15ml,7898006194037,Colírios
99c714f3-242f-483d-94c4-a2601fc4488b,Colirio Veterinario Simoes 10ml,7896210503096,Colírios
07f8a9e2-ca65-4d4a-b0b8-fad530ffa570,Colonia Petbrilho P / Femeas 100ml,7898275011554,Higiene
708711b8-7ae9-46a2-9ca5-16f51a1d134e,Colonia Petbrilho P / Filhotes 100ml,7898275013046,Higiene
29b814f4-caa5-491c-8543-8df7936d24ed,Colonia Petbrilho P / Machos 100ml,7898275011547,Higiene
d67ce12f-8900-4839-91bf-a838b99ba456,Colonial Bambu Nº 6,7898154110422,Gaiolas
d46a4512-8c7c-455e-bc0d-7f86d868c4ae,Comed Plastico 1800ml Jel Plast,7908396704485,Utencílios
aa4def30-c82f-4d28-bf21-dd13d4a9a538,"Comed,Plastico N.1 300ml 2D PET",7898699311308,Utencílios
35a56736-a3ae-4bd1-b4f5-99768ad258ba,Comed. Antiformiga 200ml,7898594351270,Utencílios
cbc01614-6029-4ef4-affb-932bc8cfc776,Comed. Automatico Truqys 1kg,7898586561083,Utencílios
dad7ae3e-5989-4c39-a3e7-f41a48c829c5,Comed. G Zee Dog,7898582486144,Utencílios
4f14490d-e80e-4eff-abbf-9910b93b3a58,Comed.Lu X O Peq 300ml,7892052020800,Utencílios
fcfe93ea-6400-4ad1-a4bb-b8486e7c1ad4,Comed.Peq Zee Dog,7898582486151,Utencílios
75d4f438-af0e-407a-b360-fb2c2f682e7b,Comed.Plast Gato Furacao 200ml,7898490090891,Utencílios
b4bb84d6-0df4-40e1-91b4-3f72f49c181c,Comed.Portatil Caotil Heleno,7898490091799,Utencílios
c0d8ae12-5f06-4784-b7e9-fd08116ccc7b,Comedouro Grande Cod.0534,7629186805341,Utencílios
d3a9378e-c2dd-482b-a322-72e85dfd221e,Comida De Ferias 5 Dias Nutral,7898138001807,Pei X E
65e8b3bd-7fb9-4f88-b131-6e3bd30707f2,Condicionador Petbrilho 500ml,7898275011523,Higiene
190764e4-7819-4c0b-b9fa-84b06c1e5def,Condroivet 1000Mg C / 45 Comprimido,7891126003609,Condroprotetores
fb2a088a-8d82-4d7e-b9fe-560e73baf327,Condroma X PET C / 30 Comprimido,7898019865894,Condroprotetores
12ab7a10-955b-4d51-b8e9-4d0d18406a62,Condroton 1000Mg C / 60 Comprimido,7898053580401,Condroprotetores
7fe293b5-d02b-4070-b4af-1707c3988f7e,Condroton 500Mg C / 60 Comprimido,7898053580395,Condroprotetores
d41db136-3085-4d02-82c7-a056d28ab1a8,Contralac 20 C / 1 Comprimido,7897515652885,Antiinflamatórios
9f368707-cae8-4672-ab88-3d7088404f03,Contralac 5 C / 1 Comprimido,7897515652878,Antiinflamatórios
d559ac2e-22b0-4ad7-9e26-cb030d4cc566,Coprovet C / 20 Comprimido,7891126001629,Remédios
e8bb7669-9558-436b-bef7-9dc2a231bd9f,Cort - Trat Sm C / 20 Comprimido,7898079240341,Antiinflamatórios
cd7155ea-0433-4bff-8ff8-76ba6b1fabfa,Cortavance 76ml,7897515655077,Dermatológicos
a808025f-ac0d-4688-a738-f8951ed591db,Cortishamp Shampoo 125ml,7896006240181,Dermatológicos
26944913-9315-4cce-aade-6bc0b3b49b32,Creatina Suplemento 500g,7898053580609,Suplementos Alimentares
b1e79f5a-06d2-4d15-bcf3-2c212a669721,Crema 6A 15g,7798176420090,Cicatrizantes
1fdbf323-5e48-4706-be5d-3ba1baeb8047,Crema 6A 30g,7798176420106,Cicatrizantes
cb4da4d2-e1f1-4ec3-9d50-7f7eb382f1a8,Criadeira Agaporni (E) 3048 Quatigua,7898575711000,Gaiolas
f97363c6-dd2d-4d12-a88a-dc996da694f3,Criadeira Calopsita Band (E),7898575715435,Gaiolas
78818ec7-bd29-428b-a7b1-750a46a70603,Criadeira Canario 6 Comed (P) Cod 2953 Quatigua,7898575710324,Utencílios
6189702c-fa81-4b48-ad61-894eb41cdba5,Criadeira Periquito Rubi (P) 5202 Quatigua,7898154110019,Gaiolas
b8c64cc9-a2f0-44ab-b2fe-c56486bd608b,Cristal Labcon 15ml,7896108821066,Itens P / Aquario
3796e41d-9eb6-4c54-a1b0-e60eb86eaa0c,Cronidor 12Mg C / 1 Comprimido,7896006220909,Analgésicos
b9e271b8-09f1-4a06-b039-c4c94ffbf514,Curinfec 100ml,7896210506462,Antiinflamatórios
c02683d8-d2ff-4f2e-b882-aaf3e940fcdf,Danettril 50Mg C / 10 Comprimido,7898121841205,Antibióticos
c33fa81a-1d3f-4724-a1db-59821529ad9b,Decaplus 20ml,7896006217718,Antiparasitario
b405caa0-27e5-446b-8412-7807150ca5a3,Dedeira P / Dentes De Caes Catdog,,Cães / Gatos
ea433eb6-0927-4607-96a0-8cd47a4dc865,Dentalife Caes Rm 119g C / 7un,7891000247112,Petiscos
ebe4ebd5-bc80-43ed-8881-d1ac7d223640,Deratopic Dogs Tabs 54g,7898195861055,Remédios
07b40bee-f3aa-4b4d-94df-14e555c826e2,Dermogen Shampoo 200ml,7896006227427,Dermatológicos
d726f4a2-747b-4723-9633-6ac07ed9a1fb,Dermotrat Aerosol 110ml,7898019864316,Antifungicos
2aa4c65d-e9b9-4101-b51e-c5e3565e008d,Dermotrat Creme 20g,7898019864309,Antifungicos
511044ec-4713-4b04-973d-b038e7c321a4,Diarretron 10g C / 1 Sache,7897460020173,Reguladores Intestinais
9c890847-e37c-4f44-9869-f300bb457a39,Do X Iciclina Coveli 80Mg C / 20Comp,7891126001605,Antibióticos
bc70e10e-7697-4f76-bed5-aedc807ed24f,Do X Ifin Tabs 50Mg C / 1 Comprimido,2789801986580,Antibióticos
83b9c5c9-e579-4e97-851b-c3ad66f7070e,Do X Itec 100Mg C / 1 Comprimido,7898393750281,Antibióticos
217898b3-9bf1-4bdb-9931-0f895338d410,Do X Itec 200Mg C / 1 Comprimido,7898393750717,Antibióticos
bc1f6d38-893d-49e0-838c-6b4e3f74d0c1,Do X Itec 50Mg C / 1 Comprimido,7898393750298,Antibióticos
f026b30a-e711-4a30-9b2e-62981e2cde6a,Do X Itrat 200Mg C / 1 Comprimido,7896006212805,Antibióticos
6a6c04c1-a32b-4f05-a62f-5ea6018ce796,Do X Itrat 80Mg C / 1 Comprimido,7896006212768,Antibióticos
16166433-5a74-4166-bb7d-d6aad985a951,Do X Ygard 100Mg 1Und,7898641570562,Antibióticos
679dd374-1084-4cc7-966f-5827c0d203a8,Do X Ygard 200Mg 1Und,7898641570579,Antibióticos
51b17e42-601e-49ea-82a1-9b03b4408a29,Do X Ygard 25Mg 1Und,7898641570548,Antibióticos
56099a33-7710-48c7-8566-023a25bdf361,Do X Ygard 50Mg 1Und,7898641570555,Antibióticos
452943e7-48de-4430-b858-4f74f064bc71,Docpet Shampoo Ph Equilibrado Melaleuca 200ml,7891126002718,Dermatológicos
be735027-e3f0-4580-abfa-09d43f582fb4,Dog Chow Biscoito Adulto Rp 500g,7891000403075,Petiscos
9548cab5-760a-4e63-b946-0821ddc7cca1,Dog Chow Biscoito Fil 300g,7891000400548,Petiscos
1c8d1b91-6649-49ab-b0ec-5e5d4c63fdc4,Dog Chow Biscoito Ma X I 500g,7891000403037,Petiscos
672c0a12-fdd4-4363-a30c-a09e06a21898,Dog Chow Caes Adulto Light Fran / Arroz 15kg,7896015606497,Purina Caes Sc
c48b8cec-fa17-4056-b9b4-cc0a35cc72cc,Dog Chow Caes Adulto Rg Fran / Car / Arroz 15kg,7891000116715,Purina Caes Sc
36e23caa-6e0e-476b-9307-d9e3885cc094,Dog Chow Caes Adulto Rp Fran / Car / Arroz 15kg,7891000116487,Purina Caes Sc
7cf7faae-44c5-45fe-aa1b-630d0bedb25e,Dog Chow Caes Fil Rg Fran / Arroz 15kg,7896015606275,Purina Caes Sc
13ffddf5-ffb8-4687-bd0d-892734dcab29,Dog Chow Caes Fil Rp Carn / Fran / Arroz 15kg,,Purina Caes Sc
9f85786c-63e6-438b-9010-10153cee5d2f,Dog Chow Carinhos Rp Duo 1kg,7891000054246,Petiscos
fb3355df-adb2-4762-8712-14199af2b01a,Dog Chow Carinhos Rp Duo 500g,7891000042076,Petiscos
8bd9919b-d9c9-4796-a42f-24c41e05e656,Dog Chow Duo Frango & Cenoura / Frango & Espinafre 200g,7891000075395,Petiscos
6561e6f4-ac5a-4615-bee8-c838734476ef,Dog Chow Filhotes Raças Med E Gr 1kg,7896015606237,Rações Secas Cães
a296e732-2eb0-4714-ac87-0c0af0d01e7b,Dog Chow Mini Raças Peq 200g,7891000075371,Petiscos
936bfbb2-6aa5-4ca3-9faa-4623a80f06f1,Dog Chow Oral Rc Peq C / 7 Und 105g,7891000262023,Petiscos
71e9a125-458d-43ad-9bd7-3478db92c0c0,Dog Chow Oral Rm / Rg C / 3Und 80g,7891000261989,Petiscos
57aa7e56-67cd-4320-ab2d-4ad2ff2809c9,Dog Chow Papita 15kg,7896015606220,Purina Caes Sc
f4a34303-8f83-4af5-8f0a-31a493c4957b,Dog Chow Senior 7+ 15kg,,Purina Caes Sc
46ec463b-fb78-4b02-ae4d-6c61a9f21e85,Dog Desodorante Abrilhantador Frutti 130ml,7898907237482,Higiene
14df4467-5d97-4df7-aa71-d679714e35b7,Dog Desodorante Abrilhantador P / Cães Jasmim 130ml,7898907237901,Higiene
210f1147-f009-4157-b27a-a66afb443c93,Dog Desodorante Angra 130ml,7898907237444,Higiene
903bd5f4-1555-4e6f-80f2-fcbc43af734c,Dog Desodorante Brisa 130ml,7898907237420,Higiene
535b0a94-01b7-47e5-8376-c209741a97f4,Dog Desodorante Citrus 130ml,7898907237468,Higiene
b7b3a14f-9148-4548-9121-db3476d7aa8c,Dog Desodorante Pingo 130ml,7898907237406,Higiene
7f7e3c51-abc7-4c35-a5d6-1e4899df1e3d,Dog Mil Bifinho Frango 60g,7898127060211,Petiscos
bfe4da12-bcd8-4e4d-a82d-ac4f036b632d,Doguitos Bifinho De Carne 65g,7891000623008,Petiscos
e7dbd02d-beeb-4f2a-9059-72e3de497488,Doguitos Bifinho De Frango 65g,7891000623107,Petiscos
c22f37a9-8a04-4eb3-96a5-8e2933ba0daa,Doguitos Linguicinha C / Carne Fresca 45g,7891000005620,Petiscos
52104664-97f4-4294-bb25-ffbad9c82f61,Dou X O S3 Calm Mousse Pele Sensivel 150ml,3411113036706,Dermatológicos
431b6849-7da5-451f-8f13-d71bd01d8440,Drasil Oral 20ml,7897085901215,Antieméticos
ac7cc038-faea-425b-b38d-5855b236d404,Ducalcio Oral 100ml,7898315810062,Vitaminas
297029c7-c7a6-460c-b6b5-5ae6461a0e88,Duotrill 150Mg C / 1 Comprimido,7898315810611,Antibióticos
f7ff85d8-5b9c-41df-ab47-f190bed3a23a,"Duotrill 2,5% Injetavel 20ml",7898315810123,Antibióticos
0d1872bf-11d1-4860-8eb4-a80c74e2974c,Duotrill 50Mg C / 1 Comprimido,7898315810116,Antibióticos
5c367c4c-6333-4307-a557-b20a24486a9b,Duprantel Composto Verminfugo C / 1 Comprimido,7898315810543,Vermífugos
cbbbccda-33be-499f-b6f1-0bb9f672bfff,Eletrolitico PET 10g C / 1 Sache,7898053580333,Remédios
71c6ee12-0278-4b5d-91b8-7b2d80b25591,Enalaprev 20Mg C / 20 Comprimido,7898146300466,Vaso Dilatadores
9e43365f-1e11-4d1c-9916-d037f352da44,Enalaprev 5Mg C / 20 Comprimido,7898146300459,Vaso Dilatadores
4abb4027-39de-4391-8140-71140069c730,Endogard 10kg C / 1 Comprimido,7897515654360,Vermífugos
0ba8d042-cabc-4aac-af96-19b63a20b61f,"Endogard 2,5kg C / 1 Comprimido",7897515654322,Vermífugos
49d8709a-d38f-46fe-9452-bed780635a3c,Endogard 30kg C / 1 Comprimido,7897515654377,Vermífugos
31eb66db-1eef-4a2d-a76c-773a892e5057,Energy PET 125ml,7898019866570,Vitaminas
8a72a10c-8a2c-45a3-963a-83bb5523cefd,Enro Flec 10ml,7898232031212,Tratamentos Aves
cec5f9a6-b07c-4a75-b6f1-9a3edd99530a,Enrologic Suspencao 20ml,7898947139081,Antibióticos
375cce4c-2f84-467a-9fd1-6406645078c4,Enrotrat Tabs 100Mg C / 1 Comprimido,27898019864167,Antibióticos
317cb256-bd26-4e12-bc38-70f46ae2af8d,Enrotrat Tabs 200Mg C / 1 Comprimido,7898019864170,Antibióticos
9b50406d-b648-4998-9993-c440145362fb,Enrotrat Tabs 25Mg C / 1 Comprimido,7898019864150,Antibióticos
94e75ea5-6caa-41e6-921b-805cb40d3df6,Ent 5,7896185970985,Utencílios
d395a2fc-9ba0-4a2b-888f-7ee81ecc390d,Entere X 8g C / 1un,7898053580371,Antitó X Icos
eea466f2-3557-41f3-babb-5dccf9388bf5,Epiotic Spherulites 100ml,7897515653769,Tratamentos Otológicos
105de607-be99-40b5-b2da-a6cd08532edb,Equilibrio Veterinary Caes Adulto Hepatic 2kg,7896588939626,Equilibrio Caes Frasco
6aaa9d3d-0a34-4888-bd75-fb6bd9e6a02e,Equilibrio Veterinary Caes Adulto Urinary 2kg,7896588939619,Equilibrio Caes Frasco
6784a78d-3f2a-41f3-9dee-56f6708cba8d,Equilibrio Veterinary Gatos Adulto Intestinal 500g,7896588939664,Equilibrio Gatos Frasco
ec80d425-f4f2-431b-bb82-abb63ade8c3e,Equilibrio Veterinary Gatos Adulto Urinary 500g,7896588939640,Equilibrio Gatos Frasco
ff8cbc04-35b4-44e2-b03d-970a60ac844e,Eritros Dog Tabs 18g,7898195861321,Vitaminas
d4ec791b-1329-4d38-971b-1343015408ea,Escova C / Alça Regulavel Cerda Metalica Bbb 797,7899800305780,Cães / Gatos
c0738dc4-c646-4d16-ba5e-b717cffa48a8,Escova Dupla Cabo De Madeira Med Bbb 679,7899800305070,Higiene
dc2fdbda-2c79-42c2-a496-758de304dc9c,Escova Dupla Cabo De Madeira Peq Ref.Bbb 678,7899800305063,Higiene
0c3ce4ca-39ea-4934-8e43-d54d4b337131,Feliway Classic Spray 60ml Ceva,7898043433595,Cães / Gatos
b49986f4-a0c0-497f-84e8-e04cdfa306ca,Fenzol PET 500Mg C / 1 Comprimido,7896006207795,Vermífugos
3122329f-02af-4801-af28-d68c76b1cb32,Ferrofood 24g C / 30 Comprimido,7898931477151,Vitaminas
b062ef64-8533-4013-8cf2-b7b87f7c8ba0,Ferrofood Oral 50ml,7898931477144,Vitaminas
3f0f8c39-bf7c-451d-833c-97a5a013496e,Fiprole X Drop Spot P / Cães Acima De 40kg,7898043433410,Remédios
5c1d534f-d439-442c-9f80-401f6d8efc55,Fiprole X Drop Spot P / Cães De 11 A 20kg,7898043433397,Remédios
52fb4375-695e-4cc5-979f-a4fde03fec63,Fiprole X Drop Spot P / Cães De 21 A 40kg,7898043433403,Remédios
65e29f3f-10f1-4846-8673-0bb87676dae4,"Fiprole X Drop Spot Para Gatos 0,5ml",7898043433427,Remédios
d309fe76-6200-4585-9f2c-a1a4ee900680,Flotril 10% Injetavel 100Mg - 10ml,7898076786057,Antibióticos
73f803ed-ef69-461e-9f51-93148dfbff78,Flotril 150Mg C / 1 Comprimido,7896185971357,Antibióticos
da132719-530f-4395-b5e0-61edda787ffb,Flotril 50Mg C / 1 Comprimido,7896185971340,Antibióticos
83d31304-e69b-4a4c-ac7c-ac6e3861ab7a,Flucort Allerdog 30ml,7898146300237,Cicatrizantes
3de23325-c95e-466b-8d27-71e75546160f,Fn Fresh Meat Sensitive Adulto Mini / Peq Cord. 1kg,7898363316448,Form Nt Caes Frasco
f6b36648-9f82-4f57-9a89-f275a7317b65,Focinheira Plastico N° 1,1451201245874,Cães / Gatos
a9be2f21-bcc8-41a1-b6fb-f446fc1c9d95,Focinheira Polipropileno N°1,7899456800134,Cães / Gatos
4f89cff8-214a-43bd-a747-fb74a997ad61,Focinheira Polipropileno N°3,7898539891601,Cães / Gatos
e7fdc8f7-8928-4195-9714-db6b613a7214,Focinheira Polipropileno N°5,7898539891625,Cães / Gatos
e9feb397-1b2a-4aef-ae84-d3bf538a73c9,Formicel Gel Tecnocell 10g,7898231360016,Prod De Jardim
b31eefaa-92fe-454a-8f0e-da9eec1d551c,Formicida Gel No X On 10g,7898292650705,Prod De Jardim
43c13600-ac7d-4e68-b419-4a064f1e625e,Formigran Formicida Dipil 50g,7898026080464,Prod De Jardim
18b1eb2f-cb10-4cee-9763-e53c30dca39c,Foster Adulto Rg Original 15kg,7898942162244,Rações Secas Cães
7fa5c751-3ba5-4b6e-921e-c0abca6f3525,Foster Adulto Rg Original 25kg,7897807202408,Rações Secas Cães
728cbf12-6cd2-4204-ac51-cdf3caef845e,Foster Adulto Rp 25kg,7897807208707,Rações Secas Cães
b6046a83-9a0f-430c-b305-7cf2ebd6e10b,Foster Filhotes 25kg,7897807202392,Rações Secas Cães
aa23f142-88a3-4b8a-800b-48f515c6676d,Foster Filhotes 7kg,7897807222819,Rações Secas Cães
5f9fd9bc-0614-4ae8-9116-009d739e02af,"Frontline Caes Plus 10 - 20kg 1,34ml M",7898053772875,Antiparasitario
166da8a0-d298-4f30-8e11-2ede0191f16c,"Frontline Caes Plus 20 - 40kg 2,68ml G",7898053772882,Antiparasitario
ed95e812-57c9-4d51-9b34-e770b0f89cbb,"Frontline Caes Plus Ate 10kg 0,67ml P",7898053772868,Antiparasitario
01d37fc9-43ba-422b-b76b-87a4dcfcc027,Frontline Spray 100ml,7898053770239,Antiparasitario
0f55f9b9-4448-4dc9-bc89-cb20aedc708c,Frontline Spray 250ml,7898053770246,Antiparasitario
d8c6bc79-bf22-4a00-9f8e-fa090e1c2b17,Furanil Pomada 50g,7898053580357,Cicatrizantes
1d5e4d31-ca64-4657-b25b-17480bbe1dc9,Furanil Solução 60ml,7898053580524,Cicatrizantes
f542f6d9-1f86-4000-91b0-616072a7d10f,Furolisin Diuretico 40Mg C / 10 Comprimido,7898053597652,Diuréticos
7fbfc3d7-815e-4da1-a734-ea9884ae69d9,Gaiola Agaporni (E) 3051 Quatigua,7898575711062,Gaiolas
aa94f2a5-8cd1-4c26-87c3-112b23d1dae8,Gaiola Arco Sabia (E) 3020 Quatigua,7898575710812,Gaiolas
20250f58-8c6e-42e0-bd94-05322d87a63b,Gaiola Calopsita (E) Quatigua,7898154110453,Gaiolas
be7db97c-c8b7-412b-8f68-c667dc102e2f,Gaiola Canario Cod 11,7898154110460,Gaiolas
2689f9db-6f50-4f87-88f5-6f90b5e5eb7e,Gaiola Canario Nº 3,7898154110477,Gaiolas
a8e421ce-df3d-4337-aa65-4df332291fa9,Gaiola Casa Calopsita (E) 5131 Quatigua,7898575714742,Gaiolas
0f21557e-06ed-478b-8e1e-556a73c860c9,Gaiola Casa Triple X Calopsita (E) 5134 Quatigua,7898154110361,Gaiolas
4e69ce81-ca4b-4b40-805f-cf817aef0370,Gaiola Coelho Macho C / Fundo 1906P,7898575713981,Gaiolas
9edae163-7479-4c94-b5cd-bf00d44c9606,Gaiola Criadeira Canario Lat.Movel 416E,7898575710904,Gaiolas
6f2db96c-af49-4d7e-b2ee-b53096325b81,Gaiola Criadeira Canario Nº 4 Comed (P) 2947 Quatigua,7898575710294,Utencílios
d737ce3d-6ca5-479f-9066-60f80e2de384,Gaiola Duple X Arco P / Calopsita (E) 4179,7898154110446,Gaiolas
89646b8c-662c-4b05-8e7e-12e5bf6ea1ff,Gaiola Esmeralda Grande (E) Quatigua,7898154110484,Gaiolas
85e84869-a0e7-4cea-b884-2f8470da5ab5,Gaiola Hamster Tipo Casa 3 Andares 1965 E,7898154110545,Gaiolas
28baf2e5-2e61-4aac-bf90-e295a844446b,Gaiola Me X Icana Calopsita (E) 5460 Quatigua,7898154110507,Gaiolas
74421a6a-d29b-4711-a844-e72c140d7e88,Gaiola Meia Lua Papagaio 523Ae,7898154110491,Gaiolas
9aca81c4-e524-4ba2-9d9c-018295a1a2dd,Gaiola P / Coelho (E) Cod 5146 Quatigua,7898154110002,Gaiolas
d24ee822-f1d9-4ac9-a07f-96748aaa1352,Gaiola Papagaio Raio De Sol Arco (E) 3123 Quatigua,7898154110569,Gaiolas
e5adfc0d-27b5-4a6a-85a0-e019505981c8,Gaiola Papagaio Raio De Sol Arco (P) 3122 Uqatigua,7898575711550,Gaiolas
c4c1ecbc-d8be-4f3b-b850-a4ae208bd8d8,Gaiola Periquito Bandeja (E) Cod 3352 Quatigua,7898575710973,Gaiolas
f4e04ece-5c16-4d22-a8d9-9cdcb4386cbf,Gaiola Periquito Grande Band (E) Quatigua,7898575710966,Gaiolas
bae7e15f-15e6-473a-885e-4235b72bd224,Gaiola Periquito Grande Band (E) Quatigua 3032,4545154003386,Gaiolas
049a1165-efa1-40b8-85a4-73a37c60b816,Gaiola Quadrada Triple X Calopsita (E) 5277 Quatigua,7898154110347,Gaiolas
46fa31eb-b4cb-4244-b65a-05e08bb3c623,Gaiola Teto Arred.Calopsita 142E Aramil,1424101478541,Gaiolas
d0cff4c5-cea2-4493-af78-aa9147fd8575,Ganadol Pomada 50g,7898049718948,Cicatrizantes
107a5f20-c602-4ac4-ab68-3eb25e382092,Gaviz V Omeprazol 10Mg C / 1 Comprimido,7896006208914,Antieméticos
7d99956d-dfdc-432c-85bb-7a028e754e0e,Gaviz V Omeprazol 20Mg 1 Comprimido,7896006208921,Antieméticos
456f38c5-b6f8-4eb7-a5d2-38438d35335f,Gel Good Care Haliclean 100g Mundo Animal,7897085903103,Higiene
ca5be57c-e95c-4e9d-9b62-b19b01bbd66a,Geriatric Dog 100g,7898195860744,Vitaminas
2896a93b-60b0-47d2-90e0-5e858ebffccb,Giardicid 500Mg C / 10 Comprimido,7898146300121,Antibióticos
11f9d494-db28-497d-b91b-1bf8491aeba9,Giardicid 500Mg C / 5 Comprimido,7898146300138,Antibióticos
e5af7f4f-6eec-4f73-afb2-eaefe2fe7ae9,Giardicid 50Mg C / 10 Comprimido,7898146300145,Antibióticos
60b25bcf-c55f-4408-ac0e-2044ba07c72f,Giardicid Suspensao 50ml,7898146300169,Antibióticos
7204186d-3f6a-4b62-9b34-f2bf5300310b,Glicol PET 120ml,7898195863646,Vitaminas
71018efc-032d-4d94-8f38-555586135cb7,Glicol PET 30ml,7898195863639,Vitaminas
9e16cf94-bd8c-4008-9c3e-948675bdc3a8,Glicopan PET 125ml,7898053580883,Vitaminas
855a59a5-b76f-4896-a617-99acde2139e5,Glicopan PET 250ml,7898053580142,Vitaminas
b9594dfc-1dc9-4723-8f48-5eb192a3b51f,Glicopan PET 30ml,7898053580340,Vitaminas
713e2fe4-6b30-4b23-b0ff-8a1a267fe353,Glicopet Caninus 125ml,7898112515153,Vitaminas
188daf4e-5803-4aed-b0ac-2bf4917a6d8d,Glicopet Felinus 100ml,7898112515382,Vitaminas
c2c5cd22-fb72-4b08-8c1f-0d1445f281b9,Glutama X Gp Oral 10ml,7898936195012,Vitaminas
e7d347d9-65fc-4a2f-9353-3d3d92af6b7f,Glutama X Gp Oral 40ml,7898936195029,Vitaminas
af9c373b-14a8-44da-abb6-4dbd057cb079,Golden Form Caes Adulto Rg Car / Arroz 3kg,7897348203797,Golden Caes Frasco
13c86f29-5287-4009-b7e0-5c2ef123fd5d,Golden Form Caes Adulto Rg Fran / Arroz 3kg,7897348203759,Golden Caes Frasco
2c1bae11-63fb-41ae-998a-6be910feea60,Golden Form Caes Adulto Rg Salm / Arroz 3kg,7897348203766,Golden Caes Frasco
104d400d-534a-4296-b93a-e2124279ddbb,Golden Form Caes Adulto Rp Fran / Arroz 3kg,7897348203810,Golden Caes Frasco
9aa31666-ce56-40a3-9bc2-e79809e35200,Golden Form Caes Adulto Rp Salm / Arroz 1kg,7897348203865,Golden Caes Frasco
eb77d65f-e91c-40f9-add8-4b84bacde021,Golden Form Caes Adulto Rp Salm / Arroz 3kg,7897348203773,Golden Caes Frasco
5a526a81-65a3-4458-ada0-a04331e257f4,Golden Form Caes Fil Rg Car / Arroz 3kg,7897348203827,Golden Caes Frasco
a1fcaad2-6e3e-4473-89b8-6128d6b9f072,Golden Form Caes Fil Rg Fran / Arroz 1kg,7897348203896,Golden Caes Frasco
9046a2b6-f4af-4fd1-acfa-d5458811a62f,Golden Form Caes Fil Rg Fran / Arroz 3kg,7897348203926,Golden Caes Frasco
cfff6e24-a06a-4ee4-89ec-58fae1960a7e,Golden Form Caes Fil Rp Fran / Arroz 1kg,7897348203872,Golden Caes Frasco
08319188-eee5-4cbe-8db6-a385b986fa10,Golden Form Caes Fil Rp Fran / Arroz 3kg,7897348203742,Golden Caes Frasco
e055045a-9df3-463c-badc-309d4bd97dc2,Golden Form Caes Light Adulto Rp Fran / Arroz 10kg,7897348204992,Golden Caes Sc
328e6f05-edae-4cdb-9a5c-3e869e4bbc66,Golden Form Caes Light Adulto Rp Fran / Arroz 1kg,7897348203889,Golden Caes Frasco
0f318915-2582-4245-97ce-0b14999452ca,Golden Form Caes Light Adulto Rp Fran / Arroz 3kg,7897348203834,Golden Caes Frasco
274a7ebe-ad1d-4843-b90f-30f4aa0cc4ae,Golden Form Caes Senior Rp Fran / Arroz 3kg,7897348204121,Golden Caes Frasco
a3cc86ae-88a3-4a2b-83bd-8e6d8645e8b3,Golden Gatos Adulto Cast Carne 1kg,7897348205852,Golden Gatos Frasco
312a603c-f2e6-4595-b0b1-403275df3e1b,Golden Gatos Adulto Cast Frango 1kg,7897348203483,Golden Gatos Frasco
21d29bff-ba9b-4011-9e82-ce21b84696f0,Golden Gatos Adulto Cast Frango 3kg,7897348203490,Golden Gatos Frasco
9ae4ba9c-76f6-4921-92d9-53cdcd91d846,Golden Gatos Adulto Cast Salmao 1kg,7897348203728,Golden Gatos Frasco
75c4e915-2280-4682-a473-2f23d6b0e99a,Golden Gatos Adulto Frango 1kg,7897348203445,Golden Gatos Frasco
5578c804-8400-42a3-86ab-dd8c113ab113,Golden Gatos Adulto Frango 3kg,7897348203452,Golden Gatos Frasco
d00e020d-6938-4f94-b663-fa14de8a0c09,Golden Gatos Adulto Salmao 1kg,7897348203421,Golden Gatos Frasco
f21cf2d5-adb5-4e8c-b1ca-e3771cd70aeb,Golden Gatos Adulto Salmao 3kg,7897348203438,Golden Gatos Frasco
2d5c7ee2-0f8a-4dae-84cd-17c44a2963cd,Golden Gatos Duo Adulto Cord / Salm Adulto 3kg,7897348204619,Golden Gatos Frasco
ceae79cf-7db7-4b34-908c-c0b630645a18,Golden Gatos Fil Frango 1kg,7897348203506,Golden Gatos Frasco
08be075c-e2cb-4ed2-88fa-456c2171e493,Golden Gatos Fil Frango 3kg,7897348203513,Golden Gatos Frasco
e38c8768-38e4-415c-a013-d638de70967e,Gr.155 Gaiola Hamster Jerry Tubo Div.Bragança,7898334811118,Gaiolas
4cd7d66b-61ef-4918-ba95-80ca8db38dae,Gran Plus Gmt Caes Adulto Mg Salm / Fran 10kg,,Gran Plus Caes Sc
161d52f2-6f9b-4b66-968f-76972c37b61e,Gran Plus Gmt Gatos Cast Peru / Arroz 1kg,7896048916983,Gran Plus Gatos Frasco
6e8efd23-9a86-4771-9f4e-253a2693e501,Gran Plus Gmt Gatos Cast Salm / Fran 1kg,7896048917010,Gran Plus Gatos Frasco
410dd344-d216-4e0c-8602-dacc3fe06538,Gravata Und,,Roupas P / Cão E Gato
9f998976-7ab6-4181-a9be-e79fa956ab74,"Guabi Nat Gatos Cast Salm / Cev 1,5kg",7896048915641,Guabi Nat Gatos Frasco
fbf68e29-0657-409d-93d0-d9547fd390eb,"Guabi Nat Gatos Cast Salm / Cev 7,5kg",,Guabi Nat Gatos Sc
0925ee23-a81b-4fc4-b07a-53406686cf5c,Guia Dog C / Trava Gde,736532588579,Coleiras
4401dd95-553c-4a47-804a-c2694ffef8f0,Guia Dog C / Trava Gde,736532588227,Coleiras
089a2290-e136-4fa3-aec9-f5b471562419,Guia Dog Sail C / Trava Gde,618231338634,Coleiras
17909e10-59c5-4faf-b253-41b109e51841,Guia E Peitoral Mesh G Zee Dog,7898582493296,Peitoral
573b3d3d-1fd8-49da-a2e9-2422ca64a2ea,Guia E Peitoral Mesh P,7898582479962,Peitoral
ff2e91ec-22d2-42b0-a589-f684d001c16c,Guia E Peitoral Mesh Zee Dog G,7898582479948,Peitoral
c5f78a26-c2f4-4fc4-b6ea-e20af96e5b14,Guia Fle X 20kg - 5Mt,7898281440164,Coleiras
70af2a23-87ee-4a44-a140-7d278cfea652,Guia PET 20kg - 5Mt,,Coleiras
cef102e9-20b4-4f40-ae80-9ff4725379e3,Guia PET Fe X 20kg - 5Mt,7898281440140,Coleiras
3cd3a600-570b-4f56-9a7a-baa6ac378e7a,Guia PET Fle X 15kg - 3M,7898281440119,Coleiras
21680f54-5207-4bd4-9cf7-1207092dc8f4,Guia PET Fle X 15kg - 3Mt,7898281440102,Coleiras
de50ea83-01e7-49dc-acb4-a95abf412429,Guia PET Fle X 7kg - 3Mt,7898281440096,Coleiras
926c6038-b39f-41bd-8440-ddb95b27815e,Guia Retratil Ate 50kg,8010690061597,Coleiras
b37b0ca4-f1b6-45b2-9942-0783b81a3f2c,Guia Retratil P / Animais 3M Petdog,,Coleiras
463a07b5-9bf8-437e-b1ea-449c78182b86,Guia Retratil P / Animais 5M PET Feliz,7898472403213,Coleiras
f9c8dfee-51b0-4528-bbc6-c9efd27d7ef8,Guia Retratil P / Animais Bbb PET Ate 15kg,7898948001585,Coleiras
288f80ae-e0d1-416f-843e-26e8c3cbfeef,"Guia Rolica Enforcador 14Mm X 1,20Cm Well 762",7899799813358,Coleiras
f3b11d9c-40ea-4834-9d2b-5f8598e7fd18,Guia Roliça 14Mm X 80M 106 Wel,99799801058,Coleiras
e8c5e991-e989-4e90-a83b-12d8b38ea553,Guia Roliça C / Mola 16Mm X 40Cm 709 Well,7899799801089,Coleiras
210e26ee-6787-4eca-97ee-6fcf654b0744,Guia Ruff / Aziza / Gotham / Zahara / Fatboy Zee Dog,7898582479894,Coleiras
8cf94aa0-0582-437c-b595-5ffdd6eec1fa,Guia Ruff Zee Dog,7898582494019,Coleiras
ba2188d0-75fe-446a-a836-e9d126c1899e,Halito Dine 100ml,7898232038945,Higiene Oral
bff07411-8e7f-41ce-905e-d446b670c0f8,Hamster Americana 3 And Band,7898154110521,Gaiolas
6a65609e-46e5-446d-8da7-b0b7c9c919ef,Hamster Castelo Bandeja 3808 Quatigua,7898575712359,Gaiolas
2af579a3-6d75-4e96-a860-9c62b46916b0,Hamster Caçula (E) Quatigua,7898154110286,Gaiolas
753dd2d5-c64e-401e-936f-1baa1ac0976e,Hamster Nº 12 Band,7898154110552,Gaiolas
829253ca-3bad-48d8-abb4-dc91ca0422ee,Hamster Nº 6 (E),7898154110262,Gaiolas
b3066d5f-58e6-4e8e-8685-6419aff5ad37,Hamsters Sticks Alcon C / Cenoura E Maça 175g,7896108804519,Roedores
12a2d611-ecd3-4d18-baec-5d6662dccd67,Happzen Spray 100ml,7898675440060,Gaiolas
9d859972-4437-42b6-bea2-9ef7143cc15a,He X Adene Spherulites Shampoo 250ml,7897515653967,Dermatológicos
ac971555-e59d-4bcc-8898-a97780d013d3,Hemocare Gp Oral 15ml,7898936195067,Vitaminas
1dc11fb2-83d4-4bc7-9978-482378af6d4e,Hemocare Gp Oral 30ml,7898936195074,Vitaminas
81223427-500e-4b12-b1e9-051a4a89990b,Hemolipet Oral 110ml,7898112515405,Vitaminas
d19561a9-60b0-498e-9eb2-f37142866bfa,Hemolipet Oral 30ml,7898112515313,Vitaminas
16ce90de-80c0-43e4-bf20-efdee06da834,Hemolipet Sticks C / 30un 310g,7896112409717,Vitaminas
8b6fcdfc-3479-471e-8c12-8d9eb6a8e92e,Hemolitan PET 30g C / 30 Comprimido,7898053582818,Vitaminas
a32c3e5f-63a5-46a0-b133-fb2e65ac785f,Hepa.To X 20ml,7896210508329,Antitó X Icos
69c38882-ea79-4b6f-96cf-6db79ab77f49,Hepa.To X 90ml,7896210503195,Antitó X Icos
f804e568-27c5-4218-abc5-11db140786c2,Hidrovit 250ml,7898053580296,Vitaminas
1ab89c76-cd7e-4d79-983e-11ac38d90fe9,Hills Canine Fil Rp Pedaco Peq Small Bites 1kg,052742997407,Rações Secas Cães
d455c708-718b-4e65-98a5-486954e4f9a9,Hills Feline Adulto Castrado Frango 6kg,052742038209,Rações Medicamentosas Gatos
43b5c922-3cd7-4409-b6e6-dc1364095338,"Hills R / D Obesidade Pedaco Peq 1,5kg",052742026602,Rações Secas Cães
3f864501-9e05-42fb-aeff-4cb69d5b07af,Hipoalersyn Shampoo 200ml,7898153931165,Dermatológicos
a1395cbc-2d1f-47b1-b9eb-bec522b4b56d,Holiday P / 15 Dias Alcon 20g,7896108852015,Rações Para Marinhos
4d4b4c12-3bd0-4413-bc76-d7dd9359a8ca,Hphar 120 30g C / 30 Comprimido,7898951630086,Dermatológicos
f426d776-7b37-46a4-b646-071e1c15ee2b,Hphar Oral 60ml,7898951630093,Dermatológicos
4693f1b9-0aa0-4cac-977c-3a67125f0777,Humilac Hidratante 250ml,7897515652670,Dermatológicos
5fe380f6-09d1-49a3-8108-f8a75b534ba2,Ibapet Talco Antisseptico E Antipulga 100g,7898031810032,Antiparasitario
8a627fc0-c23b-4502-b09e-037a12e89261,Ibatrim Injetavel 15ml,7898031810186,Antibióticos
de117d37-5247-46e6-989b-445bc5dbbd96,Ibatrim Oral 20ml,7898031810193,Antibióticos
5ca748e7-f9c3-4ab6-a4ce-c3f5925af234,Ibatrim Oral 50ml,7898031811480,Antibióticos
91c6cbb4-76b1-409f-b452-a46cc02b390e,Ictio Labcon 15ml,7896108822049,Itens P / Aquario
c52a571e-1298-44de-85b3-751778c9b8df,Indusbras Prata Aerosol 400ml,7898121841250,Antiparasitario
836ab14b-e326-4ddb-8868-bbf0177f8365,Itl 100 C / 10 Capsula,7898146300251,Antifungicos
2b1a5d2b-2a26-49bb-8a1e-246e2bfbadac,Itl 25 C / 10 Capsula,7898146300268,Antifungicos
2b84f77a-5f01-4875-84b7-26084085560e,Itl 50 C / 10 Capsula,7898146300275,Antifungicos
3305dec9-1606-41da-b2fc-8b9ee1a99c86,K - Othrine Sc 25 30ml,7898739340213,Antiparasitario
7434a30a-b241-4667-8c53-8d1518784bb0,Kanina Adulto Carne / Cereais 15kg,7896015603236,Purina Caes Sc
5e52bbec-e758-4bd5-949b-d8dcf76b268f,Kanina Fil Carne / Cereais 15kg,7896015605193,Purina Caes Sc
0b3944ab-f31a-430f-95b6-949b6ac6ac93,Kenovet Cetoprofeno 20ml,7898393752414,Remédios
8a8700cc-12d8-4915-bd72-fd1bf367c592,Keravit 5g,7898053583136,Antibióticos
9ade88c0-c230-419c-bb51-8ac1d3196b15,Ketofle X 10Mg C / 1 Comprimido,7897085901178,Antiinflamatórios
9515c5d2-1e57-4026-860b-c403435ba45c,Ketojet 20Mg C / 1 Comprimido,7896006210191,Antiinflamatórios
f71edeaa-7101-4c7f-bcf2-9be2e5156623,Ketojet 5Mg C / 1 Comprimido,7896006200482,Antiinflamatórios
49f9894c-05b0-4319-bb6c-c8ae67b8eebe,Killer Labcon 15ml,7896108824029,Itens P / Aquario
73014a3e-8de5-44b4-a6a2-c290f0ff8862,Kit Bandeja Higienica P / Gatos,7898905264114,Cães / Gatos
ca55b1b4-f544-4db5-a446-28e05d0039a0,Kit Mamadeira P / Filhotes,7898927674472,Utencílios
3f7df9e6-bb16-41cc-8d34-a07aab19c3fa,"Kitty Cat Granulado De Madeira 1,5kg",7898500011014,Areia
0ee28b27-150f-4dc9-88df-d08d55fc664d,Kuraderm Prata Aerosol 100ml,7791432033874,Cicatrizantes
705eb46a-1b44-4c95-b0db-ee4689310d09,Lata Hills Adulto 7+ Senior Vitality 354g,052742011899,Rações Úmidas Gatos
13309815-b646-460e-9f85-f46115998689,Lata Pedigree Adulto Carne Ao Molho 290g,7896029079560,Rações Úmidas Cães
dc48f773-9694-4ab3-9da5-042c369f56c7,Lata Pedigree Adulto Carne Pate 280g,7896029079508,Rações Úmidas Cães
fa11f816-7f1d-4679-aa4d-34aa443208d9,Lata Pedigree Adulto Frango Ao Molho 290g,7896029025963,Rações Úmidas Cães
f5c6139c-919f-43f3-b710-3a2dab976cd4,Lata Pedigree Adulto Frango Pate 280g,7896029079546,Rações Úmidas Cães
e00256c7-15c1-48cd-955c-1b210ad8816a,Lata Pedigree Fil Carne E Frango 280g,7896029079522,Rações Úmidas Cães
1928048d-71b7-4753-871b-99612ced764f,Lata Whiskas Pate Atum 290g,7896029079607,Rações Úmidas Gatos
a96e2568-2b95-460f-a47a-9c2deb3657f1,Lata Whiskas Pate Carne 290g,7896029079447,Rações Úmidas Gatos
6ba6e792-fde9-4a4a-9dec-3453585833a2,Lata Whiskas Pate Pei X E 290g,7896029079485,Rações Úmidas Gatos
ea976332-c928-44a0-969c-57600b9d9a3b,Lata Whiskas Pedacos Atum 290g,7896029072615,Rações Úmidas Gatos
23a26172-beb4-4d8b-9b2c-91cfd2ddff55,Lata Whiskas Pedacos Carne 290g,7896029072622,Rações Úmidas Gatos
6db24de5-9b7a-41c9-8672-cb9e5440c08f,Le X In 300Mg C / 1 Comprimido,7898315810444,Antibióticos
ad785d3f-246d-4832-9c28-d59b42e776c3,Linoplus Suspensao 400ml,7898121840833,Suplementos Alimentares
484103c2-9480-49f4-8bca-003950acecf8,Lysin Cat Sf 100g,7898195861017,Vitaminas
47d1e23c-b645-4b2a-9c20-9f64db587803,"Ma X Icam 0,2% Injetavel 20ml",7898019866358,Antiinflamatórios
dcb542b4-9736-4aed-af69-e83661eb155d,"Ma X Icam 0,5Mg C / 1 Comprimido",7898019866259,Antiinflamatórios
df952deb-c763-4cff-bd7f-bb7c39f4a558,Ma X Icam 2% Injetavel 50ml,7898019863241,Antiinflamatórios
c7f2a46d-990e-4fdd-a44e-2082a6721189,Ma X Icam 2Mg C / 1 Comprimido,7898019866266,Antiinflamatórios
583a87fc-c35d-4c49-8412-1e7175ba7d9c,"Ma X Icam Plus 0,5Mg C / 1 Comprimido",7898019866525,Antiinflamatórios
2ebdeedb-153a-483c-92a7-a3a5c45a97b5,Ma X Itec Melo X Icam Oral 20ml,7898393752421,Antiinflamatórios
4f93d183-84ae-456f-a22c-21a3c9138ab7,Mag Dog Sabonete Inseticida 80g,7897817500129,Dermatológicos
74f2cdb9-e6e8-4096-bb15-b6a8ec79b547,Mag Dog Talco Inseticida 150g,7897817500181,Dermatológicos
67da76f4-fac0-447a-918b-45d5649c4a19,Magdog Vermkill Plus 20ml,7896730409014,Remédios
f73405a0-abbc-4690-9d9b-ca19950747a9,Mais Vida H 30ml,7898935931369,Homeopáticos
8accfb4c-f1fb-4691-9e7e-f32ef83b204d,Malt Paste Cat&Co 70g,7897085912068,Vitaminas
7a8eb173-fef1-410b-9d2d-2d044bbf6e7f,Mamadeira P / Filhotes 50ml Bbb Ref48,7898948001615,Cães / Gatos
06e59992-7432-43c9-b923-e9b3e1c4ea2b,Maravalha P / Hamster Prensada 800 Gr,7898924141052,Hamster
0b8e0b6a-b145-473d-acf2-efafa37b8f70,Maravalha Pacote 350Gr P / Hamsters,7898924141298,Hamster
76ad7103-62bc-4d9d-9eb1-dfc2f5231361,"Marbopet 27,5g C / 10 Comprimido",7898043433601,Antibióticos
8925f44b-f062-4d45-8068-313db6a0392c,"Marbopet 82,5Mg C / 10 Comprimido",7898043433618,Antibióticos
1df3bfe4-978b-4e93-bcc6-32bc675517fa,Mata Mosca Atrate X 25g,7898942407017,Prod De Jardim
7790d9d3-fed0-47a6-8e04-4d19f04f0ff8,Mata Mosca Dipil,7898026081454,Prod De Jardim
514a9e6b-c23b-4cca-a73f-5757952f8b5f,Matabicheiras Fort Dodge 500ml,7898049717569,Remédios
905aaa29-4057-4f0f-a3c6-07e74c13de55,"Matisse Gato Castrado Salmao 7,5kg",7898939952711,Matisse Gatos Frasco
b31c296e-21eb-4522-a57a-c6e24bc0d7f1,Mectima X Ivermectina 12Mg C / 1 Comprimido,7896006227410,Remédios
b15ce301-fb19-4946-bdb1-52f9f7a94269,Mectima X Ivermectina 3Mg C / 1 Comprimido,7896006201670,Remédios
ff6e48d0-de00-4007-86ef-faf38cc1fb23,Megatrat Caes E Gatos 250ml,7897455100514,Dermatológicos
d2325b23-d125-419f-a3fd-227a9d7b1649,Megazoo Critical Care Herbivoros 200g,7898401961470,Aves
25aa6732-6444-4367-aab3-5d2623d578b5,Megazoo E X T Calopsita E Periquito Pm - 13 900g,7898401961203,Aves
d0791049-2ad6-4f9d-a0f0-ee85d2d362d5,Megazoo E X T Canario 350g,7898929877741,Aves
bfc6db99-0a3a-4b12-bfc6-c65e943b8cba,Megazoo E X T Sabia Melros Onivoros 350g,7898929877758,Aves
35f0c00f-5a55-4100-b451-3bba2c017543,Megazoo E X T Trinca Ferro Super Canto Soft 900g,7898401961432,Aves
8a2c0424-3a61-498a-b72f-82a3f33cd146,Megazoo E X T Trinca Ferro Supermuda 350g,7898401962200,Aves
061b7530-ccf4-4b5c-a77c-c8d28078e0d9,Megazoo Twister 500g,7898401961395,Aves
c41c3e41-6b6a-45d8-8986-cafa0ea08aad,"Melo X Ine 0,5Mg C / 1 Comprimido",7897085903653,Antiinflamatórios
a3ce1f58-c60f-44fd-8ffc-b30f9f7493cc,Melo X Ivet 1Mg Pequeno Porte C / 1 Comprimido,7898315810574,Antiinflamatórios
c8376ed9-aa03-44d4-bdc3-403c55b81a52,Melo X Ivet 2Mg Medio Porte C / 1 Comprimido,7898315810598,Antiinflamatórios
6051e67f-8a72-4d77-99a8-d290fc44d9a0,Melo X Ivet 6Mg Grande Porte C / 1 Comprimido,7898315810550,Antiinflamatórios
79817f39-6f0f-4191-bef5-1167dfc4703d,Metacell PET 50ml,7898019866624,Vitaminas
a063638b-b971-468f-a430-44598c8d0025,Meticorten 20Mg C / 10 Comprimido,7896185971180,Vitaminas
19752dcf-18ac-4172-8577-82247c5b7ed2,Meticorten 5Mg C / 10 Comprimido,7896185971173,Vitaminas
b6bb9ba5-c397-4c1c-b502-247ab92206fa,Mi X Periquito C / Mel Zoofood 85g,7898939851533,Aves
a47f7a3d-f6e6-4893-9969-6f7f6e392b5d,Micodine Shampoo 225ml,7898393750236,Dermatológicos
75a4903c-bd93-4bd3-ba2a-4c2b06065fa0,Micolytic 100g / 200ml,7896006200161,Remédios
e782bfed-3342-47b8-892e-b612a888c1bd,Milbema X Caes 5 - 25kg C / 1 Comprimido,7891217569021,Vermífugos
4f523e85-f867-41dc-bfcb-a7e8d1966a38,Molho Especial Sabor Pei X E Gato 250g,7899781601208,Petiscos
67a86e44-ffa8-4f2f-8a4a-0dc1170aa015,Molho P / Ração +Dog 250g,7898641521144,Petiscos
0d2a231a-6f65-41ea-a844-50c742eb0f92,Monovin A 20ml,7897614100270,Vitaminas
8a0bb682-a9c0-4e4b-950a-76b015efa43a,Mypet Aerosol 400ml,7898043430174,Antiparasitario
4f611fd6-43e2-4d1f-a96b-d53a11d7f4d8,N / D Ancestral Adulto Senior Frango Med 10kg,,Nd Caes Frasco
6414085b-8c68-4597-8fe5-90abde708917,N / D Ancestral Can.Frango Adt Medium 15kg,,Nd Caes Frasco
afd69a75-8198-41b0-be28-e6a1e21befa0,N / D Brown Caes Adulto Rp Cordeiro 2kg,7898604437161,Nd Caes Frasco
789fa60b-88bb-4e93-9aed-f6bc993f3ca2,N / D Lata Oceano E Bacalhau Fil 140g,8606014102925,Rações Úmidas Cães
af65cdc4-bf27-4423-9cd3-3b892ccb89f5,"N / D Prime Cordeiro Caes Adulto Mini 2,5kg",7898604433019,Nd Caes Frasco
0023b6b0-e58a-43bb-a1b5-d1f6b49ce1f1,"N / D Pumpkin Caes Adulto Mini Pei X E 2,5kg",7898939952377,Nd Caes Frasco
9b0cd976-7313-432f-8819-91236c523bc0,"N / D Quinoa Hairball Gato Adulto 1,5kg",7898604435686,Nd Gatos Frasco
bc86027f-32b5-4a41-adde-aeaea5274a16,N / D Spirulina Caes Adulto Mini Cordeiro 2kg,7898604436980,Nd Caes Frasco
282f0d5f-eaf2-42bc-9a24-2da87c7f556e,N / D Spirulina Caes Adulto Rp Suino 2kg,7898604436966,Nd Caes Frasco
2562a6b0-5535-4bb7-b64b-c5340cfd93b6,"N / D Tropical Select Caes Adulto Med / Ma X I Salmao 2,5kg",7898604437215,Nd Caes Frasco
411765d2-2d4d-4bed-9315-00442e087148,"N / D Tropical Select Caes Adulto Mini Cordeiro 2,5kg",7898604437260,Nd Caes Frasco
a9bd057c-c527-4fbe-99f2-cfa005d0d9f0,"N / D Tropical Select Caes Adulto Mini Frango 2,5kg",7898604437239,Nd Caes Frasco
0164327e-22dd-4608-b1ca-e0ef63f04ecc,"N / D Tropical Select Caes Adulto Mini Salmao 2,5kg",7898604437246,Nd Caes Frasco
4e992452-315b-48df-879f-c68cb038fd0c,"N / D Tropical Select Caes Adulto Mini Suino 2,5kg",7898604437253,Nd Caes Frasco
e21ccdac-bb54-4892-afad-103d784c4f4a,"N / D Tropical Select Caes Fil Mini Suino 2,5kg",7898604437307,Nd Caes Frasco
ad983ff7-3426-43f4-83bb-dd0f8c198ec7,"N / D Tropical Select Gato Cast Cord 1,5kg",7898604436744,Nd Gatos Frasco
24a3a1cd-5d39-4c6e-9f6b-39d61c9f9da6,"N / D Tropical Select Gato Cast Suino 1,5kg",7898604436782,Nd Gatos Frasco
df0d9c3f-ab42-41ec-943e-e5bcf405dd32,"N / D Tropical Select Gato Frango 1,5kg",7898604436829,Nd Gatos Frasco
9276ac35-f719-4168-9b0e-f8bcac123828,N / D White Caes Adulto Rp 2kg,7898604437154,Nd Caes Frasco
7c9383ab-c94f-4d02-ad5c-4495e72274e4,Nalyt Baby Amgercal Fil Passaros Aarao 10g,7898907668194,Tratamentos Aves
1ce30ea8-7e26-4c97-9e2e-8b74abe43701,Natalene 25ml,7897515653400,Tratamentos Otológicos
182f04f3-2ee3-4928-a4ca-35bed7f54d34,Natu Vit 240ml,7898254040063,Vitaminas
59617b28-45ab-4b1e-9a66-bc864f8c92b6,Natuflin Antibiotico C / 10 Comprimido,7898254040186,Antibióticos
999ce6fa-8419-40bd-ad06-94be6bd86015,Naturalis Adulto Rg Frango E Peru 20kg,,Naturalis Caes Frasco
2bde35f5-bf70-46ae-954b-12ae2726360d,Naturalis Filhote Frango Peru E Frutas 15kg,,Naturalis Caes Frasco
f6cd410d-30ea-45d9-9712-3fc0e40e379e,Naturalis Gato Adulto Salmao E Frutas 3kg,7896588944743,Naturalis Gatos Frasco
0da82a59-1cf3-46fa-9446-7d8c9f218ca7,"Naturalis Gato Cast Frango E Peru 1,5kg",7896588959723,Naturalis Gatos Frasco
79888fa2-e7de-43b2-b15f-b49b8f86c004,"Naturalis Gato Filhote Frango E Pei X E 1,5kg",7896588959884,Naturalis Gatos Frasco
34549314-ebf5-494f-866f-45bb7ae2ff2a,Natuverm Suspensao 20ml,7898254040193,Vermífugos
57f63e4c-ddc8-466d-b13f-cda370666485,"Ne X Gard M 4,1 - 10kg C / 1un",7898053774404,Antiparasitario
77db2cb5-3caa-4734-b1c7-ee15b258e286,"Neo PET 20 - 40kg 2,68ml",7898019867256,Antiparasitario
edf7cb14-c21f-4e2e-9a76-9289b25587a4,Neode X A F Creme 15g,7891126001278,Antifungicos
55e0d92e-edb2-4c53-aab9-9a13b6f5c2f3,Neode X A Spray 125ml,7891126001308,Antifungicos
883efe3b-fbb6-4ebf-85c0-04d172b7301b,Neotopic Sm 125ml,7898079240297,Antifungicos
7fe006ea-0f1f-4268-b149-137b0357bb8d,Norflagen 200Mg C / 1 Comprimido,7896006219194,Antibióticos
64f0f528-4e08-45d5-a288-c3a3a2652bc9,Nutralife Sabor Carne 14g,7898053582979,Remédios
ff98dbe2-fc9c-4440-adcd-fddefbcdea11,Nutralogic 75g C / 60 Comprimido,7898053582832,Suplementos Alimentares
3fc4136c-b130-4328-a309-2d21b3d0bd80,Nutralogic PET 100g,7898053583372,Suplementos Alimentares
0e22436f-fe5e-4bfd-bedf-5c4468715534,Nutricuper Dog 120ml,7898195861048,Vitaminas
3c780ccc-d663-454f-b7c0-5bc6a91d00e7,Nutrifull Cat 30ml,7898195861024,Vitaminas
ca264b62-0091-458d-91b5-5d13278e19a5,Nutrifull Dog 120ml,7898195860782,Vitaminas
13fae600-097c-4f57-9d72-f5c804046ec2,Nutrifull Dog 30ml,7898195860737,Vitaminas
caea2bfa-08f1-4d03-ab94-7be5e0b6e118,Nutropica Coleiro Power E X T.Natural 300g,7898591871283,Aves
ed2b7c7d-6e6f-4454-8f96-cf52b9967d51,Ogra X - 3 1000 C / 30 Cápsulas,7898549750639,Condroprotetores
23a553b9-e8fe-45a3-80aa-5bd94cb04516,Ogra X - 3 500 C / 30 Cápsulas,7898549750622,Condroprotetores
2280a9e5-74cc-4e5e-9a0a-9f8a2b50d979,Olhim 30ml,7898950333513,Colírios
79aba6c2-e733-4547-b92d-a76bdb9727be,Oralguard 150Mg C / 1 Comprimido,7898146300480,Antibióticos
27df08bd-1dda-4c28-bb82-92b49a03f140,Oralguard 50Mg C / 1 Comprimido,7898146300473,Antibióticos
ebe39631-47b1-4cf6-b51c-45c7c1343b9d,Organew 100g,7898053581767,Suplementos Alimentares
aa3ee06f-c0f4-4f10-a4c6-e3022ebe5a11,Organnact Orga Calcio PET Tabs C / 30 Tbs 30g,7898195861734,Vitaminas
b865be71-01ae-415c-acfc-11d133d4c35c,Origens Gato Adulto Framgo 10kg,5000000055685,Origens Gatos Sc
5c832564-c3f7-4392-9265-e4c0aba2dc2e,Origens Gato Adulto Salmao 10kg,5000000055692,Origens Gatos Sc
962c4783-a267-4b58-a11c-da27d715dd88,Orozyme Gel 70g,7898936195463,Higiene
1d12d7f7-6b6e-44fb-a17b-0295ff9dbd8a,Osso De Calcio Bloco Grit Erva Doce Aarao,7898905440099,Aves
351fa593-fc24-41da-8b63-63e437f592a5,Osteocart Plus C / 10 Comprimido,7798176420175,Condroprotetores
249c701d-22d6-4b9f-af00-89cf6e58dfcd,Otocanis 10ml,7896210503362,Tratamentos Otológicos
1f0987f0-bcaa-423f-93ba-360e00988a27,Otocanis Ma X 15ml,7896210500668,Tratamentos Otológicos
fc8c3519-4a02-4980-a8dd-28817eb6d214,Otode X 15ml,7898006190350,Tratamentos Otológicos
db9bbd92-0646-42e9-b7b4-ede5bbe2123c,Otodem Plus 20ml,7898043431416,Tratamentos Otológicos
a75e46b1-0fad-4962-a36e-fcc8d47b1c41,Otoguard 20ml,7898146300213,Tratamentos Otológicos
191b414c-dbf5-4569-bb13-78c585b4c580,"Otoma X 12,5g",8713184173270,Tratamentos Otológicos
3b32c316-462e-4def-a884-289f15a35261,Otosana 20ml,7897085901208,Tratamentos Otológicos
7bf73e71-75dd-49fc-8a62-778f24ed458c,Otospan 10ml,7898315810321,Tratamentos Otológicos
8be9f9c9-17d4-4c9f-a1d5-1830b8dfee58,PET Away Aerossol 400ml,7898043430198,Adestradores
444b76e9-8dc5-471d-ab33-708a9f4de953,PET Milk 300g,7898053580708,Suplementos Alimentares
80cd6d3b-e02e-4488-a7d0-ebb1f79ee48d,PET Palitos 1kg,7898195860294,Suplementos Alimentares
d957989b-d1e7-47a2-8d6e-4f210dbea7f9,PET Palitos Kit 160g,7898195864667,Suplementos Alimentares
274ec3f8-cd6a-41bf-b68e-d37a6f0d5389,PET Palitos Zero 160g,7898195862328,Suplementos Alimentares
b6e36519-cd59-417e-bc90-9e1af293a20d,Pa Higienica Grande Pw Clean PET Injet,7898602024363,Cães / Gatos
06ac8124-6ca0-4bd8-970b-96edb4d3b441,Papagaio Triple X Band (E) Quatigua,7898575714377,Gaiolas
6cef9011-1c13-451f-85d7-666a7d48d709,Paracanis 30ml,7898935931468,Homeopáticos
f3a4be47-eea4-4d0a-a660-b0ac621945b9,Parquinho Grande 003 Damasco,7896048966056,Pássaro
7eab5a75-6ccc-45a4-98eb-ff05e5062abd,Pedestal Nº 6 (E),7898154110378,Gaiolas
d0af8280-d5c9-4f13-9f2a-c3b1757884a5,Pedigree Adulto Rg Car / Veg 15kg,7896029064344,Pedigree Caes Sc
fdfd98b7-6804-402b-9ecd-095eee88840a,Pedigree Adulto Rg Car / Veg 20kg,7896029068182,Pedigree Caes Sc
2481bb50-ee3a-43a8-9af7-c04c5918a6b3,Pedigree Adulto Rp 15kg,7896029069172,Pedigree Caes Sc
e0249c20-e01b-4ed4-8f9a-9ddc5d33a0a3,Pedigree Adulto Rp 20kg,7896029069141,Pedigree Caes Sc
8e2efb4b-f371-42c0-8f9b-dcda3e843658,Pedigree Biscrok Multi 500g,7896029041932,Petiscos
be715bfd-4b89-4381-bbb3-82e7b6d31bea,Pedigree Biscrok Rg Ma X I 500g,7896029043271,Petiscos
104b0e35-ecf3-42d6-a6ed-6dd4a4e64479,Pedigree Biscrok Rp 500g,7896029043387,Petiscos
377a21c9-084d-4393-869e-1cc4e2c114f9,Pedigree Champ Adulto Car / Cereais 15kg,7896029074633,Pedigree Caes Sc
29c53af2-a796-4d2f-9c47-1b268f51e729,Pedigree Champ Adulto Car / Cereais 20kg,7896029061060,Pedigree Caes Sc
9db29f30-1a95-44a8-a1ee-1f4d5f7a7325,Pedigree Denta Fresh 200g,7896029043851,Petiscos
a9d8f111-b31b-42c8-98e7-1547fd534c9c,Pedigree Eq Nat Adulto Rg Car / Veg 15kg,,Pedigree Caes Sc
d3167b50-efe6-4fb3-a138-8fd4085ce547,Pedigree Eq Nat Adulto Rg Car / Veg 20kg,7896029095737,Pedigree Caes Sc
02d77bc6-1ad5-41b6-b415-3df4d6e342f1,Pedigree Fil Rg 15kg,7896029006672,Pedigree Caes Sc
4fcc2ebe-1d38-4dc7-8c69-606b70e55438,Pedigree Fil Rg 20kg,7896029006641,Pedigree Caes Sc
2de25c0b-c1cb-46e3-9957-0bde459e0e40,Pedigree Marrobone 500g,7896029041963,Petiscos
f23a766a-4212-47fc-9ed6-21bd8dcbb767,Peitoral Americano Engate 40Mm Tam 0 - 1 - 2 - 3,7898617774772,Peitoral
80d8221a-0ab8-4550-a928-d43b1962dec7,Peitoral Confort M American Pets,7899558700509,Peitoral
6db4350c-5924-42f7-be11-eb8f08c4996e,Peitoral Cost. Reforçado Seda N.6 30Mm,7898674120147,Peitoral
7963df48-9877-453a-8e45-0b3c13b538cb,Peitoral Costurado Seda N.3 20Mm,7898674120109,Peitoral
b26cedf9-3d53-46ba-b2a8-a01ebc9c2450,Peitoral P / Calopsita Rubem,1241454101250,Peitoral
fb1badf6-f28f-4208-ada6-bc7656fe7823,Peitoral Strass N.2,7899781611269,Peitoral
b38486b2-e2f6-4839-a195-9e0d1889b6c3,Pelefood Dog 120g,7898195860904,Vitaminas
bca1bafb-bc6f-48aa-81ca-c5df4eb6c5d9,Pelefood Tabs 40g,7898195861376,Vitaminas
1301ddb4-cc81-4472-8dd6-ab3c8557b81e,Pelo&Derme 1500 Dha+Epa 90g C / 60 Capsula,7898053594880,Suplementos Alimentares
6e913ecf-f93d-427e-a434-eff5d582a068,Pelo&Derme 750 Dha+Epa 45g C / 60 Cápsulas,7898053594873,Suplementos Alimentares
271e3c10-6fc7-4c87-97e3-babeb4e1a511,"Pentabiotico Pq Porte 1.200.000 1,7g / 4ml",7898049710935,Antibióticos
f1f329ff-e7db-4954-84f8-4f97ad84c26c,"Pentabiotico Reforcado 8,5g / 15ml 6000.000",7898049710997,Antibióticos
550dd773-0bca-4153-af35-684494565b50,"Pentabiotico Veterinario 2.400.000 Ui 3,4g / 6ml",7898049711086,Antibióticos
a9470a1a-9bea-475e-a51f-098591b9740a,Pente Gr De Metal Chalesco 61 Dentes,7898927674755,Utencílios
330a327e-b42a-4b61-9cbb-81fcdb74550d,Pente Tira Pulga Napi,7898683360145,Utencílios
a199121a-bc43-434a-87fd-ebd04cd01e7a,Pento Duplo 19 - 30,7890001002164,Cães / Gatos
a6d56fd1-969a-4b12-a852-3a6ad6e86495,Pero X Yde X Spherulites 125ml,7897515653790,Dermatológicos
63044e55-9fd0-4c37-a176-12c64bf067af,Pero X Yde X Spherulites 500ml,7897515653806,Dermatológicos
330faa4e-a5ea-42e3-989c-bbba6ac85b67,Pero X Yl Caes 125ml,7897455100194,Dermatológicos
9182beed-7542-4299-9a25-df506dd5178b,Pero X Yl Caes 420ml,7897455100262,Dermatológicos
253c3256-f523-420a-b3ec-6d2f619b08ad,Petbrilho Banho Seco 200ml,7898275011530,Higiene
60a81c2d-b308-4efb-9ab4-c26896a2c46a,Petbrill Desembaraçante 120ml,7898275013312,Higiene
8ff0dae4-20ec-411a-a855-fa7663e54acb,Petisco Care Snacks Bai X O Calorias 80g,7891000247273,Petiscos
523919ed-097c-49f4-b23a-4d15fc5663cd,Petisco Care Snacks Digestao 80g,7891000247303,Petiscos
75931baa-acc9-4c04-bf0a-2e323fc34427,Petisco Care Snacks Pele E Pelagem 80g,7891000247259,Petiscos
9f3a4983-0d88-4939-a605-f4f5599ab459,Petpril 10Mg C / 30 Comprimido,7896006210139,Vaso Dilatadores
520c5f06-4f5d-4c4b-838f-62592ce5938e,Petsporin 300Mg C / 1 Comprimido,7897085902182,Antibióticos
fc4ca5a9-dca3-4818-990c-8f68df98c474,Petsporin 600Mg C / 1 Comprimido,7897085911658,Antibióticos
cd3314d3-d143-466f-8815-e023f37c6a2a,Petsporin 75Mg C / 1 Comprimido,7897085902885,Antibióticos
15f133bc-3d69-46f2-8a96-b232d006d2de,Petzi Plus Suspensao 20ml,7898043430747,Vermífugos
32c70ca2-2a6e-4665-adbc-56f2b647d574,Pipi Dog Adestrador Canino 20ml,7891126001537,Adestradores
6f4db0e0-c96e-41d9-81b9-3421cf4f059c,Pipi Place Macho,,Cães / Gatos
a65d2588-78a2-4d49-8352-8cc704033258,Pipi Vet 20ml,7891126001568,Adestradores
e9795f78-a9be-46ff-9b82-20dfc1bb6427,Plasdog Bebed Automatico 10l,7893393030043,Utencílios
3b2b7ab9-e37f-4d65-bb5d-28fc3a7e6bb3,Po De Banho Seco Aromatizado Pote 500Gr,7898924141427,Hamster
46236204-f83d-4908-aa5c-2df1e48d98f6,Po De Banho Seco Em Pote 1kg,7898322629985,Hamster
7be39df9-d608-4e54-b019-9ae13a84c229,Poleiro Meia Lua Papagaio 522 P,7898154110033,Pássaro
f10e1265-f8bb-44e3-bf8b-1e18dff2d3cb,Poleiro Papagaio Epo X 526E G,7898154110026,Pássaro
f27cc5e4-e119-469d-9884-40477febda30,Postinho P / Tapetes Higienicos Tam. G Top PET,7898404461250,Utencílios
1b172b14-f6dd-4f33-b3b7-7de73d69f714,Prediderm 20Mg C / 1 Comprimido,7898019867157,Antiinflamatórios
ce2f6650-31bd-4195-91dc-88d84557dad0,Prediderme 5 Mg C / 1 Comprimido,7898019867140,Antiinflamatórios
e790756e-9a13-4bd1-aaab-a62cbe662067,"Premier Gatos Cast 6 Meses A 6 Anos Frango 1,5kg",7897348202370,Premier Gatos Frasco
f92ef802-9889-45dd-9b37-c4ad649bed2f,Premier Nc Caes Adulto Rp Cardio 10kg,,Premier Nc Caes Sc
85c2e953-34a5-431b-9f1c-cb9f15d2f684,"Premier Re Caes Adulto Lhasa Apso 1,0kg",7897348203261,Premier Caes Frasco
283cbec1-93a7-4df9-a876-b3c04f007e3c,"Premier Re Caes Adulto Shih Tzu Frango 7,5kg",7897348203957,Premier Caes Sc
c82879a7-b6d5-4a24-b3ef-802f9496ccfd,"Premier Re Caes Fil Pug Frango 2,5kg",5000000053568,Premier Caes Frasco
4fe16181-d4ef-4355-ab10-73a7cb811e1c,Premier Sn Caes Adulto Rg Fran / Corin Chia / Quinoa 12kg,,Premier Caes Sc
e3aa3703-569c-4a01-90d1-15536c7091b4,Premier Sn Caes Adulto Rg Frango Korin 12kg,5000000036950,Premier Caes Sc
d833e34e-2779-4879-bdb0-2a0c37746c79,Premier Sn Caes Adulto Rp Fran / Batata / Doce 10kg,,Premier Caes Sc
720699ff-d0f3-47ed-8819-90900f987fdd,Premier Vitta Nt Caes Adulto Rp Fran / Cer 6kg,,Premier Caes Sc
34b031b6-80fa-4d94-a746-fdee5b7732b2,Preve - Gest 20Mg C / 1 Comprimido,7898201802171,Anticoncepcionais
2ac680b6-38fe-43a7-9b55-bd4e427d1482,Preve - Gest 5Mg C / 1 Comprimido,7898201802164,Anticoncepcionais
476238e7-4f5f-4420-b583-29efe695dee4,Previco X 227Mg C / 1 Comprimido,7898053773148,Antiinflamatórios
c9b80d19-50bd-4402-9d18-8d07bd3fe5ab,Previco X 57Mg C / 1 Comprimido,7898053773131,Antiinflamatórios
cbd39a93-2ef0-439a-93de-ba7aa32cedc0,Previn Sabao Antipulgas 80g,7891126002176,Antiparasitario
7ba81a8d-062b-44c2-8637-8cc1b04039df,Previn Shampoo 300ml,7891126002138,Antiparasitario
89d33ac0-e822-45b4-9ebd-0198dc5fe0fc,Previn Shampoo 500ml,7891126002152,Antiparasitario
d06401ca-6240-4862-bc73-ef1817131e09,Previn Talco 100g,7891126002121,Antiparasitario
532b8a38-d32f-4fb6-9aa6-55086c390848,Primociclin 100Mg C / 1 Comprimido,7891126001582,Antibióticos
033569ae-939a-40a3-ab87-c652090c4659,Primociclin 50Mg C / 1 Comprimido,7891126001018,Antibióticos
ab060db0-f9b8-4655-9f06-95e4da389813,Pro - Parto 30ml,7898935931499,Homeopáticos
14ec7333-a57a-4460-8d96-cf01f2ab6a78,Pro Plan Urinary Frango 1kg,7891000102190,Rações Medicamentosas Gatos
6566021d-c43e-494a-a9c8-3f2421a8b5b9,Probiotico Vetnil 14g,7898053580760,Reguladores Intestinais
e4b25190-3958-4aeb-acd5-af13cf38da2d,Probsil Probiotico 14g,7898232036934,Homeopáticos
661ae0cc-5176-4684-9451-398388b273d5,Proe X 200Mg C / 20 Comprimido,7898146300329,Vaso Dilatadores
8561b2f5-b111-4562-a1b8-5782c38ca95f,Proe X 50Mg C / 20 Comprimido,7898146300305,Vaso Dilatadores
65dc58c4-9681-4a5e-bd63-01011c56fbd7,"Profender Spoton P / Gatos 0,5 - 2,5kg",7891106006736,Remédios
27b5e616-bfba-4cef-be3c-065ba9e0effa,"Profender Spoton P / Gatos 5 - 8kg 1,12ml",7891106006750,Remédios
0a760a3a-80e3-4d0b-b209-0f0abf52c320,Promater 1l,7898053582054,Tratamentos Aves
fd3064ea-d519-4910-838e-d1ee6632a8f8,Promun Cat Pasta 30g,7898195863608,Suplementos Alimentares
83825f3d-f774-48a5-9ee9-41dcbf17645e,Promun Cat Probiotico 50g,7898195861000,Reguladores Intestinais
7b282ccb-8327-4b51-a3e1-1d3212487cc7,Promun Dog 150g,7898195860911,Suplementos Alimentares
14e02919-0bc3-4411-a2e2-9905cd013335,Promun Dog Probiotico 50g,7898195860638,Reguladores Intestinais
a58704cf-d2bd-4608-b0e9-0c211955f67b,"Promun Dog Tabs C / 30Comp 52,5g",7898195861338,Suplementos Alimentares
d9051737-f62e-4d0a-bcf2-ee403275ec37,Promun Dog Tabs C / 60Comp 105g,7898195861314,Suplementos Alimentares
ee812c88-f531-44a1-a56f-e55866236e91,Proplan Urinary Gato 1kg,7891000308363,Rações Medicamentosas Gatos
01402bf9-2a18-45d3-b44d-aac7d64160fd,Proplan Urinay Gato 400g,7891000318904,Rações Medicamentosas Gatos
4b66c774-ba3e-4b90-8c16-431c529f325b,Protect Plus Labcon 100ml,7896108810336,Itens P / Aquario
d9df62de-c3d6-49a4-9d80-5b7c53d15bdb,Protect Plus Labcon 30ml,7896108810329,Itens P / Aquario
a67bf2bc-a1d6-4f61-85d3-4865254df095,Psicogest 30ml,7898959400513,Homeopáticos
73f6e5ad-2e70-42f3-a5ab-ec3796ca8ff0,Puppy Dog 200g,7898195860881,Suplementos Alimentares
44b19847-5130-4475-bd68-436a4d33c6bb,Puppy Palitos 170g,7898195861642,Suplementos Alimentares
de6ffa02-29ae-4cb1-b671-837b707fea2e,Quatree Life Gatos Adulto Salmao Varejo,2086900000546,Rações Secas Gatos
534d43af-17f7-4496-b7f0-82c6ffcf59db,Quatree Life Gatos Castrado Frango 10kg,,Quatree Gatos Sc
306b95aa-c213-4af4-98e9-7eea65b192f9,Quatree Life Gatos Castrado Salmao 10kg,,Quatree Gatos Sc
847867f2-fe49-4622-93b9-cf19d7f01639,Quatree Snacks Nuggets Gatos Bolas De Pelos Frango 150g,7898256303234,Petiscos
f54b8bcb-1e6d-4de9-8fb3-4adb86075255,R - Trill Aarao Plus Aves 10ml,7898609900356,Tratamentos Aves
9e1fae0b-aab7-48df-9fe3-98a14de0ea4f,Raio De Sol Arco (E),7898154110149,Gaiolas
81668fb4-c225-4248-94b4-3d274295dc35,Rasqueadeira Cabo Mad N°3,7898281449853,Higiene
5b730d85-8b48-4905-a15c-65c9aafbe21d,Rasqueadeira Cabo Plast. Colorido M(Dog008),,Higiene
9ab9409d-a796-4f36-a92b-4885c8678636,Rasqueadeira Cabo Plast. Patinha N - 1,7890001002270,Higiene
d3986c59-204a-4cac-ad6f-7b3befb7e3b2,Rasqueadeira Cabo Plastico Care 0421,7629186804214,Higiene
2f33ad56-7dec-4c69-9f75-708ff0e9014d,Rasqueadeira Patinha N3 Bbb 568,7899800304110,Higiene
dca3f9c7-8fe9-42c2-94ed-0cfa5a8ba2a3,Rasqueadeira.Cabo Mad Prof 2 Chalesco,7898281449846,Higiene
4f55ee6b-921c-4b8e-8b00-0c2edbac0f40,Ratinho Real,7898930766843,Cães / Gatos
610729c9-d167-47a7-a38e-d72c83b39edd,Ratoeira Adesiva Kellmat,7898374662794,Geral
2debd91e-748a-4f03-ae81-062acfff14bc,Ratoeira Grande(G) Quatigua,7898575716432,Gaiolas
4156339c-6373-4aca-9975-63fafd1408f8,Ratoeira Porta Alcapao Peq 1102P,1245784512014,Geral
286eb195-0608-4a82-8b7a-973a1e3174f0,Red Stop 20ml,7893652015101,Remédios
44d09e61-ec9b-4291-b596-dd3897693334,Refil De Sacolas 4un,7898621531262,Utencílios
6b31f08f-ff92-4dd1-87cd-9d9059b6b813,Revipel Pocket 70g,7896006200659,Dermatológicos
0951fd25-e86b-4eed-a6d1-295447019b9b,"Revolution 12% P / Caes 10,1 - 20kg C / 1 Pepita 1,0ml",7898049718252,Remédios
9e1f33d4-cb3e-4698-848f-f6f175e69c62,"Revolution 12% P / Caes 2,6 - 5kg C / 1 Pepita 0,25ml",7898049718238,Remédios
61a9b444-ca11-447d-b137-8058bf9e8ddc,"Revolution 12% P / Caes 20,1 - 40kg C / 1 Pepita 2,0ml",7898049718269,Remédios
96531d88-9d70-4a8c-ab35-19f9ce183d4a,"Revolution 12% P / Caes 5,1 - 10kg C / 1 Pepita 0,50ml",7898049718245,Remédios
9e4bf912-549a-4218-99c4-5e468bb9363b,"Revolution 6% P / Filhotes 2,5kg C / 1 Pepita 0,25ml",087219051085,Remédios
b2f815b3-4f6a-49af-a464-99f58e93e4e4,"Revolution 6% P / Gatos 2,6 - 7,5kg C / 1 Pepita 0,75ml",7898049718221,Remédios
04420041-7fc8-4c4b-85ce-07d1fc8b138e,Ricinus Assept 50g,7898232032233,Cicatrizantes
e68c39bd-11c2-4c7c-9130-80e76a12c5e1,Rile X Ine 300 Palatavel C / 1 Comprimido,7897515655121,Antibióticos
a40be64d-9711-4e3c-94a3-c85ccfd23a25,Rile X Ine 600 Palatavel C / 1 Comprimido,7897515655138,Antibióticos
a91f876b-4f77-447a-807a-0d84558ee6de,Rile X Ine 75 Palatavel C / 1 Comprimido,7897515655114,Antibióticos
72f6fe03-8f70-4001-87bc-cbd3dcb64838,Rodelinha Recheado De Carne C / 3un,7899781601963,Petiscos
caeb29d1-d98a-4ba0-9b01-cd4f376712d5,Rodilon 25g C / 1un,7898739340053,Remédios
d4fdf9f5-f0bd-4a48-8499-68b37f83e2bc,Roevit Labcon 15ml,7896108802706,Itens P / Aquario
b26fb4ac-223d-4b03-9127-c9fd19a28c36,Roi Pequenos Roedores 500g,7896048909053,Geral
93b9d72b-2e22-40dc-a187-dae01f54b7f2,Roupa Bb Moda PET Cirurgica Femea N.7 15 A 25kg,1402536989856,Roupas P / Cão E Gato
d8d844ad-d8c5-4e48-9618-61469d0a6a7b,Roupa Bb Moda PET Vestido Charminho N:5,2545785412450,Roupas P / Cão E Gato
39539012-a132-4859-a0bd-7289bb085e41,Roupa Camisa Time N.6,1452145256321,Roupas P / Cão E Gato
043d115b-4290-4acf-bf77-b7da277f621a,Royal Canin Adulto Yorkshire Terrier 1kg,7896181214717,Rações Secas Cães
b18f43cb-21cf-41a0-97fa-b7014e5efa9d,"Royal Canin Caes Adulto Rg Diabetic 1,5kg",7896181216575,Rações Medicamentosas Cães
bf453885-682b-4dc5-9ad5-faf3b176575e,Royal Canin Caes Adulto Rg Gastro Intestinal 2kg,7896181213567,Rações Medicamentosas Cães
bb8cd998-d6d9-4863-a38d-97fbf1dc5409,"Royal Canin Caes Adulto Rg Gastro Intestinal Low Fat 1,5kg",7896181213703,Rações Medicamentosas Cães
1228b528-7c5f-4717-841e-c1e014e785e5,Royal Canin Caes Adulto Rg Hepatic 10kg,7896181213659,Rações Medicamentosas Cães
5f12a0d0-a06c-4c05-a6f3-181fae113a73,Royal Canin Caes Adulto Rg Hypoallergenic 2kg,7896181213543,Rações Medicamentosas Cães
8700ce41-d51e-43ab-b64b-126633a25040,"Royal Canin Caes Adulto Rg Obesity 1,5kg",7896181213581,Rações Medicamentosas Cães
98146ccf-7307-4193-8e31-a5c03a70b076,Royal Canin Caes Adulto Rg Obesity 10kg,7896181213598,Rações Medicamentosas Cães
5d2af737-ccb9-4830-907a-9644ca882a1a,Royal Canin Caes Adulto Rg Renal 2kg,7896181213529,Rações Medicamentosas Cães
6c5065eb-c3cf-46fd-bb5b-6a26e965ccf3,Royal Canin Caes Adulto Rg Urinary S / O 2kg,7896181213604,Rações Medicamentosas Cães
3ed4e0b6-338b-41c7-8128-0120ebfbf292,Royal Canin Caes Adulto Rp Mini Adult 1kg,7896181212089,Rações Secas Cães
9b0d0276-3386-4120-8d5e-d50df3d94c46,Royal Canin Caes Adulto Rp Mini Indoor 1kg,7896181212430,Rações Secas Cães
bb57b065-2ce2-4de8-aebb-6a62dc0edfd4,Royal Canin Caes Adulto Rp Mini Indoor 8+ 1kg,7896181216667,Rações Secas Cães
34cbe66d-7a75-4422-ab2b-8b52a04bdd5e,Royal Canin Caes Fil Gastro Intestinal 2kg,7896181216513,Rações Medicamentosas Cães
e0261864-88fd-4f38-9143-b4bad637451c,Royal Canin Caes Fil Mini Puppy 1kg,7896181212522,Rações Secas Cães
62ac65de-9b1e-40a5-9b54-e80cc7afed26,Royal Canin Fil Yorkshire Terrier 1kg,7896181214700,Rações Secas Cães
e04c5090-ce4a-442c-a8b3-787513c5e238,"Royal Canin Gatos Adulto Persian 1,5kg",7896181213284,Rações Secas Gatos
5abdd037-5ee3-4a63-b700-800b466b235d,Royal Canin Gatos Adulto Renal Special 400g,7908248302036,Rações Medicamentosas Gatos
7b5d1d8f-4fec-4c7e-ae82-db66e3b4fc0d,Royal Canin Gatos Adulto Urinary S / O 400g,7908248302043,Rações Medicamentosas Gatos
67d00e74-dea3-42b0-b245-ff4f0736cb4c,Royal Canin Premium Cat Adulto Vitalidade 1kg,7896181218678,Rações Secas Gatos
6f08e6b4-a2e4-4704-82f3-fa5be9e2d78c,Royal Canin Premium Cat Fil 1kg,7896181218692,Rações Secas Gatos
fe24dc28-e046-4e67-a675-3a2c5c51454e,Sabao De En X Ofre Simoes 80g,7896210503898,Higiene
ba2c41f1-4a3b-4e1e-a4a2-5d94ab90beaa,Sabonete Asuntol 80g,7891106000376,Higiene
cef679b7-dc4d-4a2a-915f-c29389dfd82c,Sabonete Granado De Coco 100g,7896512906557,Higiene
faaba634-0440-42e0-a19e-ce9e6d5601d8,Sabonete Granado En X Ofre 90g,7896512906564,Higiene
9cafbf5b-af5e-4a04-ad20-c61d0c52e532,Sabonete Granado Glicerina 90g,7896512906540,Higiene
80a547dc-292d-44e3-b629-da034ef4e4ba,Sabonete Ibasa 80g,7898031810056,Higiene
be8c695b-59d4-4391-ba80-f764792b0e87,Sabonete Pulkill 80g,7898200900175,Antiparasitario
ecc2de95-5d60-4081-85ae-7874b570be26,Sabonete Tiuran 80g,7898315810345,Sarnicidas
0aab227e-7888-46d0-a972-61ddd87934d5,Sache Cesar Adulto Cordeiro 85g,7896029017623,Rações Úmidas Cães
ea6f3a2f-6f59-49bc-9352-5a1e97eb6b92,Sache Cesar File Mignon 85g,7896029017593,Rações Úmidas Cães
a69ae5d0-bb3a-473c-9dd4-9f211c879d9f,Sache Pedigree Rp Cordeiro 100g,7896029022276,Rações Úmidas Cães
5aa4e48f-bf3a-467b-b2b7-0091a87993f4,Sache Premier Nattu Caes Rp Fran / Abob 85g,7897348208853,Rações Úmidas Cães
5ebea05c-b46c-4ad8-acf8-32bd28bad689,Sache Royal Canin Ageing +12 85g,7896181217480,Rações Úmidas Cães
c66ce556-022f-4991-b4b8-7bb1aaa12b6a,Sache Royal Canin Gato Cast Pedaços Ao Molho 85g,7896181217190,Rações Úmidas Gatos
c198774d-bbe2-4ee8-bd62-6afc78db06b5,Sache Royal Canin Instinctive +7 85g,7896181217497,Rações Úmidas Gatos
f0d854f3-7d47-4eac-8b64-9e892e4dcec8,Sache Royal Canin Instinctive 85g,7896181214113,Rações Medicamentosas Gatos
a1e67402-a3f5-4370-9cbe-c4dc82ab7dda,Sache Royal Canin Mini Adulto 85g,7896181222781,Rações Úmidas Cães
03e56467-cd2f-46c6-91b9-ab326e929c3a,Sache Royal Canin Mini Ageing 12+ 85g,7896181271345,Rações Úmidas Cães
e907ba9b-8442-486f-99ec-5f9c015a5a40,Sache Sheba Gato Carne 85g,7896029017647,Rações Úmidas Gatos
4a9283c9-fe99-4075-8aec-f38248026a0e,Sache Whiskas Atum 85g,7896029077641,Rações Úmidas Gatos
0686fe60-0f89-46a1-94d0-aa241244acb1,Sache Whiskas Cordeiro 85g,7896029077634,Rações Úmidas Gatos
b781e786-8c1c-4b12-8597-786dcc9a0c94,Sache Whiskas Frango 85g,7896029077696,Rações Úmidas Gatos
6738c1c5-f719-4e81-a663-97b7bb082af8,Sache Whiskas Salmao 85g,7896029077658,Rações Úmidas Gatos
278f2c4c-35f3-4905-9aa5-20cc71eb3da5,Saco Vazio,,Utencílios
e0356273-481a-4117-b45d-c6545fa368c6,Sanadog 125ml,7897085900096,Higiene
5da851a5-e9fc-4842-88c6-745c627f955c,Sanagogo 20ml,7896210503430,Higiene
b54c61d6-dc82-44e3-86d1-a071375d09ba,Sanol Condicionador Neutro 500ml,7896183305086,Higiene
921f7f75-ce8b-4808-90c2-357905943bbc,Sanol Condicionador Revitalizante 500ml,7896183301132,Higiene
74903dfb-d808-4db0-9fff-8cdb842d0849,Sanol Eliminador De Odor Tradicional 2l,7896183300630,Higiene
35683a63-1445-49b3-8add-ab38beab13b6,Sarnatyl Sabao Medicinal 100g,7898601270334,Higiene
e1f69371-7a3b-454a-9eda-1cd225f47287,Sarnavet Pomada 30g,7896210503492,Higiene
dcd999ed-243c-49da-9b95-657a1acdb1e4,Sbelt Cat 40ml / 44g,7898195862663,Suplementos Alimentares
20c0bb12-25f6-41f7-9956-a0b09d66536d,Sbelt Dog 40ml / 40g,7898195862373,Suplementos Alimentares
d686038c-1682-4a49-b92a-40e95afe9ad5,Sebocalm Spherulites 250ml,7897515653783,Dermatológicos
5c257a05-c787-48be-83df-ff7fa945cec8,Sebotrat O 200ml,7896006225775,Dermatológicos
93b6e01e-5293-4d2c-9a0e-9d3467554db1,Sebotrat S 200ml,7896006223429,Dermatológicos
f7aa0130-f7c8-4661-9288-c31467dc5f9c,Sec Lac 20 2Mg C / 1 Comprimido,7896006206163,Antiinflamatórios
63da2a60-870b-4de1-8b86-684b95992f40,"Sec Lac 5 0,5Mg C / 1 Comprimido",7896006206156,Antiinflamatórios
957083a8-904f-4f8f-b473-90c0149e468a,Seca Facil Au X Ilia Na Secagem Dos Pelos 120ml,7899781603028,Utencílios
7f30c849-fc57-4237-8bc0-2aefc1eb6410,Sellecta Sabores Trinca Ferro 5kg,7898905926432,Ração
9818d17a-626d-4745-a406-2e8e9c59846b,Shampoo Dog Neutro 500ml,7898907237611,Higiene
6ec49afe-ed78-42ac-bbbb-3ea4fad282c9,Shampoo E Cond. Petbrilho 2 Em 1 500ml,7898275011516,Higiene
d8c4d406-bac9-409f-b794-598eafe4fb55,Shampoo Mnt Equilibrio Dermico Sensy 250ml,7897455101467,Cães / Gatos
3f6f255b-779a-4425-95aa-5643ab986103,Shampoo Neutro Petbrilho 5l,7898275011578,Higiene
719cda7e-d822-4326-9e41-fc60036b5e98,Shampoo Oil Control Sensy 250ml,7897455101474,Cães / Gatos
afccb61c-1238-438e-bebb-69179f0c79e7,Shampoo PET Dermyl 300ml,7898232038952,Remédios
72d0815c-ff11-453b-a107-e18df56fda46,Shampoo Petbrilho 3 Em 1 Anti - Pulga 500ml,7898275012919,Higiene
e23dae2b-a1f3-4a2f-a34d-e2e77018148b,Shampoo Petbrilho Erva Sm 500ml,7898275013824,Higiene
9dc618f2-99e7-4bbf-ab68-b7d2137622dd,Shampoo Petbrilho Filhotes 500ml,7898275011479,Higiene
930ff19e-1b8e-42c0-ae40-c60a909a1c5c,Shampoo Petbrilho Neutro 500ml,7898275011486,Higiene
fa990f9b-8900-44d0-a02c-9d903e54b95b,Shampoo Petbrilho Pelos Claros 500ml,7898275011493,Higiene
2a48601a-0417-4d4c-9d0f-e94b4194315f,Shampoo Petbrilho Pelos Escuros 500ml,7898275011509,Higiene
10c66162-88a1-4fbc-81d7-89d2e8785532,Shampoo Sanol Filhotes 500ml,7896183301767,Higiene
c4f2ba29-c8ea-4544-8a63-ff479e819c0d,Shampoo Sanol Neutralizador De Odores 500ml,7896183306755,Higiene
e8e9f36f-937b-4543-9526-c7abf3d2d968,Shampoo Sanol P / Gatos 500ml,7896183305048,Higiene
8879d391-11f0-4631-b2f4-bad145ea46db,Shampoo Sanol Pelos Claros 500ml,7896183300821,Higiene
0d802695-3154-4f52-a7ef-473e2a458822,Shampoo Sanol Pelos Escuros 500ml,7896183300838,Higiene
e132784f-7b85-458c-b9aa-9bcbd76e441f,Shampoo Sebolytic 250ml,7897515656845,Dermatológicos
8f565c20-7640-4fb0-b702-10378f0f6383,Shampoo Tonalizante Pelos Claros Sanol 500ml,7896183306762,Higiene
b0b5c2c5-beaa-4fd3-90c1-786ea612ff98,Show Dog Gourmet 15kg,7897807200800,Rações Secas Cães
37ff30fa-c576-4b1e-b1cd-b7b63e423c4b,Show Dog Gourmet 25kg,7897807203085,Rações Secas Cães
0564231b-326c-45d5-9cc3-2b6117cda34a,Show Dog Original 15kg,7897807201913,Rações Secas Cães
524a644b-e303-4b11-a8e7-bc25e53fe929,Show Dog Original 25kg,,Rações Secas Cães
e7b31ac4-3bca-48db-bb66-aa262ad956be,Silitec Facil C / 30 Tabs,7898393752759,Suplementos Alimentares
2691148e-c71d-4340-865e-101c5a0f26de,Singestar Comprimidos C / 1 Comprimido,7791432013807,Anticoncepcionais
6c3438f2-fccb-4354-8fef-83636bff53b8,Siringa P / Passaros 10ml Cristino,7898964844678,Pássaros
7037ae9d-939b-4d91-a2b8-cda7abc717ef,Soft Care Dental Guard Suave Abrasao 85g,7898574023975,Higiene Oral
93ece4dc-e000-4bfb-83bd-a86023d3d176,Soft Care Dental Special Care 60g,7898574023982,Higiene Oral
3be19581-d3a2-4c13-bc73-824029cfcb59,Speed Dog Frango Assado 15kg,7898127060891,Rações Secas Cães
f0b7bd1b-bce8-4627-bdb6-3463a4e73844,Stomorgyl 10 C / 1 Comprimido,7898053770215,Antibióticos
82f61b81-0dab-4604-a7ec-0f1f69c5d768,Stomorgyl 2 C / 1 Comprimido,7898053770208,Antibióticos
e7e23ff1-660c-4bd1-82f9-344aafe68519,Stomorgyl 20 C / 1 Comprimido,7898053773643,Antibióticos
ff08489e-776f-4c40-829e-4f96800d0f13,Straik Gel Mata Baratas 10g,7898180570221,Remédios
135379f4-ac37-4bf2-9117-581fcb650206,Straik Gel Mata Formigas 10g,7898180570214,Remédios
ff91640c-7666-4234-8691-d40c56106496,Strondal Plus C / 4 Comprimido,7898121840857,Vermífugos
1605728d-efac-4fa4-9f35-732eac0ed855,Strong Spray 30ml,7898935931512,Homeopáticos
e29605a0-5e16-4162-8408-e370c2467850,Supre Gatos 90g,7898393750830,Remédios
dd25cdb0-ec37-432e-8a04-2dc98ea7f55b,Talfon Top 100g,7898121840826,Antiparasitario
bbec588c-cb9a-4b53-997d-8d84e6426393,Tapete Hig Peds 60 X 55Cm C / 30un,7898678320383,Higiene
c7d030ee-ede9-4c66-a21f-1328bbffafec,Tapete Hig Smart Pads 80 X 60Cm C / 30un,7898558463704,Higiene
95f929e6-1ddc-491f-aa09-490440a8ebe9,Tapete Higi. Smart Pads 80 X 60 C / 30 Und,,Higiene
c588f197-1462-49c9-a012-550688800e33,Tears 8ml,7798176420236,Colírios
aac4d5e2-923d-41e5-8a05-56ba23c94511,Terramicina Injetavel 20ml,7898049717712,Antibióticos
90bfb188-5042-4264-9a57-8582e356b9f0,Test Ph Tropical Labcon 15ml,7896108820021,Itens P / Aquario
e8d0638e-c3cb-4178-9555-d63a7a298d6f,Tetisarnol Spray 150ml 125g,7891126001292,Sarnicidas
fb599973-9145-452d-93f9-fb8c8cc9cd08,Thera X Plus Vermifugo 10kg 660Mg C / 1 Comprimido,7898006191036,Vermífugos
92b68f1f-541d-471d-baf8-9cbfcf49bd22,Thuya Avicola Naturrich 20ml,7898254040636,Tratamentos Aves
b582c741-0f1f-45b6-b349-9922e5bb979d,Tidy Cats Purina 2kg,7896015601164,Areia
eedc6751-04bc-4256-ae15-bed57fcc3ef5,Tiuran Aerossol 125ml,7898315810390,Sarnicidas
af37d4a9-9e3a-4d3b-b779-94f5c0c80880,Tiuran Solucao 100ml,7898315810413,Sarnicidas
09292be6-6abd-4f8b-b288-7ef7e3794bd6,Tiuran Solucao 30ml,7898315810406,Sarnicidas
5d2bb367-224c-4609-aa6b-e55d660daea7,Tobrama X Labyes 5ml,00030403,Remédios
7f64b3bd-3086-44e3-ad24-b000ea1cc381,"Top Dog 2,5kg C / 1 Comprimido",7898019866631,Vermífugos
4ecd72f5-e8f8-4dc8-aacb-405567018f50,Tossicanis X Arope 90ml,7896210503614,Remédios
5a4b3a13-3b48-42e6-8b20-a3ceaea68642,Triato X 40ml,7896185983350,Antiparasitario
2da24121-0dea-4030-a12e-6b26fd5d7944,Triato X Pulverizacao 200ml,7896185983312,Antiparasitario
c490a7e5-9598-429a-9d1a-3f1f22adcfb8,Trinca Pimenta 500g,7898941834128,Aves
0981d571-a1ab-4cb2-b06f-b2109ceb829f,Triple X Band Calopsita (E) Quatigua,7898154110323,Gaiolas
1ff78e69-8525-4731-b3d0-573e694d2762,Tussedan X Arope 100ml,7898416701924,Remédios
efefaa4f-94f3-473f-9a96-ba25a7827908,Tutano Caes Adulto Rg Carne 15kg,,Tutano Caes Sc
0a4bf54b-0538-4f58-8c30-0427d8655f2c,Tutano Filhotes 1kg,7898291690658,Rações Secas Cães
5cef223a-c45c-4ea1-b8a2-f48a821e9475,"Tutano Gatos Adulto Carne 10,1kg",,Tutano Gatos Sc
2b5cbbce-af3a-4355-b167-36031ca280fe,Tutano Gatos Adulto Cast Carne 10kg,,Tutano Gatos Sc
f7c74a7d-0365-4ce6-9496-957b9e1bae17,Tutano Light 2kg,7898291690610,Rações Secas Cães
09fd9d44-1054-41e1-84e7-3d72ecbcc5f6,Tutano Melhor Idade 1kg,7898291691662,Rações Secas Cães
b454419f-44b2-4596-ad3f-7ce145c1fe7d,Tutano Melhor Idade 3kg,7898291691679,Rações Secas Cães
71a7efcd-3e19-4ec5-b324-a543d13e0c66,Tutano Pequenas Raças 1kg,7898291691884,Rações Secas Cães
8435e38d-250d-49fc-8237-78c6f85b0877,Tylotrat Sm 20ml,7898079240419,Antibióticos
bc9d6cb1-c7fe-4a1e-8208-45e8278dea59,Unguento Plus Aerosol 400ml,7891317144081,Cicatrizantes
3c2da32d-2781-41c5-855b-0a4f02860ef1,Unguento Veterinario Lcr Simoes 40g,7896210500064,Cicatrizantes
2a7b0371-4049-4e18-8320-1d057b69f645,Urgent Care A / D Canina E Felina 156g,052742040332,Remédios
a37033c7-cc39-48fd-9a4a-1d16d76dbc35,Urso Fofinho La Toy,7896737100204,Petiscos
182edf84-5dfa-475f-974a-e4a12cbcde4a,Verme X Suspensao 20ml,7898121840574,Vermífugos
40c0bc76-332e-468b-b50d-7ed5f40c0a6b,Vermivet Filhote 20ml,7898201802287,Vermífugos
4e7658f5-8cbc-4099-8d55-b3fff07101c4,Vet Life Caes Adulto Hypoallergenic 2kg,7898604430971,Vetlife Caes Frasco
e8c30fa1-4c1b-4718-843a-7677a0c66921,Vet Life Caes Adulto Mini Hypoallergenic 2kg,7898604430988,Vetlife Caes Frasco
b2835ed0-bb01-40ea-89de-8b04c7eca0d1,Vet Life Caes Adulto Mini Obesity E Diabetic 2kg,7898604431022,Vetlife Caes Frasco
db5276ad-1330-4663-8c0c-4e977efee1c6,Vet Life Caes Adulto Mini Ultrahypo 2kg,7898604430605,Vetlife Caes Frasco
8fa1466d-453c-492c-a802-8b2d8aa97e79,Vet Life Caes Obesity E Diabetic 2kg,7898604431015,Vetlife Caes Frasco
d66cdd18-0be3-46c0-afe8-823c670ea102,Vetaglos Pomada 20g,7898053584751,Cicatrizantes
60e97da1-c2eb-4c07-8ebe-7751dab70706,Vetaglos Pomada 50g,7898053583143,Cicatrizantes
1c68c035-98ae-4d08-a034-f780650de9ed,Virkon S Desinfetante 50g,7898936195173,Higiene E X Terna
b7a251a0-cb39-4a27-91f4-6e3efa17704c,Vita - Vet C 30ml,7898053582795,Vitaminas
8dddddc9-6923-459b-989e-5d35fef4af7f,Vita Energy C / 60 Comprimido 60g,7898931477113,Vitaminas
50f839c2-4fb8-41a6-829e-bb33ef635012,Vita Energy Lactacao 120ml,7898951630109,Vitaminas
7e1898dd-b704-4e69-b579-0d9b8cfc5238,Vita Energy Oral 120ml,7898931477120,Vitaminas
e3b9ce48-8461-4ec6-90b1-d31438104ab2,Vitagold Potenciado 50ml,7898586870413,Vitaminas
d114eb86-affd-4efe-b9e6-82b0b94cdfc6,Vitaka Sm Injetavel 20ml,7898079240334,Anti Hemorrágico
9c4eff13-278d-4f82-b131-7a485e8221d6,Vitalimp Lavanda 1l,7898705932343,Homeopáticos
b40a7af4-d1e8-4195-81fd-0875aedac779,Vitapel C / 30 Comprimido,7797600000198,Remédios
b7e0239d-2e5c-4f42-8343-98ee93b69307,Vitta Nt Caes Adulto Rg Frango Varejo,7896532541073,Rações Varejo Cães
04b529d0-3750-471a-9fce-29c0422a5c3c,Vitta Nt Caes Adulto Rp Frango Varejo,1045236521782,Rações Varejo Cães
e29f714c-42e4-462a-ab5f-b118d851c84e,Vitta Nt Caes Caes Adulto Rg Carne / Arroz 15kg,7897348203063,Rações Secas Cães
874f6916-90da-48e0-98bc-fad30d34fc6a,Vitta Nt Caes Fil Rg Carne Varejo,9869356894753,Rações Varejo Cães
d3522318-ee06-4c2d-bff4-8369dde2a779,Vitta Nt Caes Fil Rg Frango Varejo,2148589534788,Rações Varejo Cães
d48031f6-ab7e-4dd1-8524-872adc3dcd13,Vitta Nt Caes Fil Rp Frango Varejo,7896029086827,Rações Varejo Cães
8df9e572-bea0-46fe-8b4c-46adcd470e53,Viveiro Medio Popular (P) 3095 Quatigua,7898575711284,Viveiro
c6844e52-c1a3-4f4c-a84c-ddfde805b49c,Viveiro Pequeno Popular (P) 3092 Quatigua,7898575711260,Viveiro
c970a85c-c0f0-4bb6-bd68-42a3acc77b9b,Viveiro Popular 101 (P) 3425 Quatigua,7898154110231,Viveiro
b9e434a1-b85b-43dd-8ef2-564b0cb4f5bf,Viveiro Popular 102 (P) 3428 Quatigua,7898154110248,Viveiro
0403efdf-8249-4390-b69f-cb3c527dbb43,Viveiro Popular C / Divis (P) 3098 Quatigua 1207,7898575711307,Viveiro
759bfae6-3bd8-41ac-ab38-49c6f01cf028,Viveiro Red.Cob. Chapa Conica P 752E,7898154110514,Gaiolas
6665ad25-d8d9-40b5-bff5-1da2e22a0a5d,Vp010 1481 Viveiro Telhado Duple X Calopsita Bragança,7898334814812,Viveiro
c540a590-baaf-4b93-8700-37f8832ff85b,Whiskas Castrados Pei X E Varejo,2074290000925,Rações Varejo Gatos
2714ffca-9e88-4c1c-a9a5-3b5a2150a59a,Whiskas Pei X E 1kg,7896029007129,Rações Secas Gatos
132ef283-d4f3-4be1-b70b-72c0eea7fab9,Whiskas Pei X E 3kg,7896029007426,Rações Secas Gatos
0f5c39cc-4d6c-4674-ab46-c3f1f3d559b8,Whiskas Pei X E 500g,7896029007020,Rações Secas Gatos
0013076e-64bf-4f33-a9a3-72e71824dfc1,Whiskas Pei X E E Frutos Do Mar 1kg,7896029089637,Rações Secas Gatos
8149f920-cbf4-403a-9b62-d351d10d3bfe,Whiskas Pei X E E Frutos Do Mar 500g,7896029089606,Rações Secas Gatos
d63df5d4-d873-467e-a924-bdf1324b0529,Zelotril 150Mg C / 1 Comprimido,7896006219309,Antibióticos
6f38a4eb-5259-49ce-9983-d5f6ae0cc9ef,Zelotril 50Mg C / 1 Comprimido,7896006200079,Antibióticos
53501477-09be-49f8-9ef4-102c3aeeaa44,Zelotril Oto 30ml,7896006200598,Tratamentos Otológicos
0f0e1770-3a3e-4786-ba58-eff92169d90a,Zitre X 500 C / 1 Comprimido,7898146300190,Antibióticos
d03d58b5-7288-442c-bfc4-abae82df882e,Zoofood Mistura De Sementes P / Trinca Ferro 400g,7898939851311,Aves
aba7f11c-7e4e-4787-8bb7-8103b4e67cbc,Zoofood Papinha P / Filhotes 250g,7898939851304,Aves
